date,description,amount
2025-09-30,Parking Fee,-207.04
2025-08-07,CVS Pharmacy,-99.76
2026-05-03,Spotify Premium,-174.07
2025-12-18,Hotel Stay,-135.92
2025-11-04,CVS Pharmacy,-483.73
2025-10-20,Restaurant Dinner,-256.81
2026-05-31,Walmart Supercenter,-431.49
2026-02-22,Shell Gas Station,-117.51
2026-02-25,Shell Gas Station,-154.24
2026-03-21,Software Subscription,-282.67
2026-01-06,Gas Station,-140.28
2026-03-22,Starbucks Coffee,-53.75
2025-07-10,Starbucks Coffee,-465.34
2025-11-03,Gym Membership,-153.51
2025-12-27,Payroll Direct Deposit,5003.34
2026-05-26,CVS Pharmacy,-71.86
2025-08-31,Parking Fee,-33.94
2025-09-26,Amazon Purchase,-191.71
2025-10-09,Electric Bill,-399.78
2025-07-25,Chipotle Mexican Grill,-366.1
2026-02-18,Grocery Store,-479.22
2026-02-05,Whole Foods Market,-456.97
2025-10-12,Netflix Subscription,-388.52
2025-11-07,Spotify Premium,-42.14
2026-04-16,Chipotle Mexican Grill,-408.04
2025-10-20,Internet Service,-234.74
2025-12-10,Rent Payment,-1673.58
2026-03-21,Flight Booking,-111.43
2025-09-10,Chipotle Mexican Grill,-422.99
2026-01-02,Electric Bill,-200.05
2026-01-02,Dental Cleaning,-344.34
2026-03-27,Spotify Premium,-9.23
2026-01-30,Chipotle Mexican Grill,-150.04
2026-05-25,Apple iTunes,-496.44
2025-08-08,Home Depot,-305.42
2025-09-18,Grocery Store,-142.1
2025-12-08,Payroll Direct Deposit,5859.65
2025-08-23,Gym Membership,-434.12
2025-07-09,Internet Service,-411.43
2025-12-14,Home Depot,-107.69
2026-04-16,Flight Booking,-246.41
2025-07-30,Hotel Stay,-50.58
2026-04-15,Electric Bill,-15.85
2025-09-25,Rent Payment,-1532.21
2026-05-26,Amazon Purchase,-393.2
2025-11-13,Target Store,-110.54
2026-02-03,Uber Ride,-451.46
2026-04-27,Walmart Supercenter,-251.6
2026-04-23,Target Store,-13.98
2026-03-11,Chipotle Mexican Grill,-283.47
2026-02-21,Payroll Direct Deposit,3669.92
2026-02-07,Electric Bill,-66.45
2026-05-28,Uber Ride,-54.86
2025-07-17,Apple iTunes,-88
2025-12-12,Apple iTunes,-452.61
2025-11-30,Payroll Direct Deposit,6856.02
2025-08-30,Insurance Premium,-227.27
2025-09-30,Chipotle Mexican Grill,-263.55
2026-01-20,Flight Booking,-201.28
2026-01-14,Hotel Stay,-434.78
2025-12-07,Payroll Direct Deposit,5623.93
2026-03-22,Doctor Visit Copay,-370.53
2026-01-18,Starbucks Coffee,-14.61
2026-05-02,Home Depot,-422.76
2025-11-19,Restaurant Dinner,-165.47
2025-09-06,Target Store,-487.49
2025-07-26,Dental Cleaning,-9.02
2025-10-10,Rent Payment,-1717.85
2025-08-28,Internet Service,-274
2026-05-11,Grocery Store,-439.32
2026-03-15,Hotel Stay,-368.88
2025-12-19,CVS Pharmacy,-71.09
2026-04-18,Starbucks Coffee,-167.85
2025-08-18,Rent Payment,-1617.44
2026-01-11,Shell Gas Station,-373.69
2025-07-21,Gym Membership,-257.11
2025-10-01,Walmart Supercenter,-256.64
2025-12-16,Electric Bill,-125.24
2025-09-15,Rent Payment,-1419.39
2026-05-31,Gas Station,-355.21
2026-04-25,Netflix Subscription,-461.61
2025-08-04,Electric Bill,-297.25
2025-09-04,Uber Ride,-201.04
2026-05-29,Starbucks Coffee,-343.26
2026-02-22,Home Depot,-437.07
2026-01-22,Gym Membership,-22.29
2026-03-31,Apple iTunes,-447.05
2025-12-03,Whole Foods Market,-60.65
2025-12-10,Whole Foods Market,-223.65
2025-12-29,Rent Payment,-2690.82
2026-05-06,Home Depot,-102.48
2025-09-15,Target Store,-414.15
2025-07-09,Hotel Stay,-316.17
2026-01-09,Netflix Subscription,-313.82
2025-09-04,Hotel Stay,-451.46
2025-10-22,Software Subscription,-33.62
2025-08-20,Parking Fee,-342.24
2026-01-04,Internet Service,-122.66
2025-12-27,Starbucks Coffee,-49.41
2026-02-13,Insurance Premium,-301.64
2025-10-10,Chipotle Mexican Grill,-255.14
2025-07-13,Restaurant Dinner,-57.12
2025-07-18,Whole Foods Market,-444.87
2025-08-16,Electric Bill,-78.74
2025-11-25,Electric Bill,-141.4
2026-03-10,Electric Bill,-165.65
2026-05-11,CVS Pharmacy,-239.54
2025-08-25,Uber Ride,-71.9
2026-01-20,Rent Payment,-1236.03
2025-07-22,Gas Station,-80.2
2025-12-01,Shell Gas Station,-186.31
2026-03-01,Rent Payment,-2074.1
2025-07-18,Hotel Stay,-129.34
2026-02-26,Insurance Premium,-451.36
2025-11-03,Insurance Premium,-240.52
2026-04-12,Grocery Store,-127.42
2026-04-21,Target Store,-141.2
2025-07-19,Whole Foods Market,-18.11
2026-03-21,Target Store,-259.4
2025-09-03,Internet Service,-386.25
2025-10-15,Target Store,-145.37
2025-09-18,Dental Cleaning,-266.82
2026-05-15,Parking Fee,-429.25
2025-08-22,Flight Booking,-205.13
2025-11-07,Target Store,-314.88
2026-04-04,Parking Fee,-396.16
2026-04-04,Apple iTunes,-288.35
2026-02-10,Hotel Stay,-291.68
2025-11-12,Dental Cleaning,-37.05
2026-01-22,Shell Gas Station,-389.33
2025-10-24,Parking Fee,-126.26
2026-01-20,Grocery Store,-28.58
2025-07-03,Apple iTunes,-407.79
2025-10-21,Parking Fee,-61.35
2025-07-19,Rent Payment,-2351.96
2026-02-01,Flight Booking,-294.23
2026-01-23,Shell Gas Station,-335.88
2026-02-21,CVS Pharmacy,-69.29
2026-02-07,Gym Membership,-167.46
2025-10-04,Spotify Premium,-24.64
2025-07-07,Amazon Purchase,-110.23
2026-03-13,Apple iTunes,-291.07
2025-08-25,Gas Station,-359.37
2025-12-29,Whole Foods Market,-203.8
2026-01-23,Flight Booking,-477.49
2026-01-16,Home Depot,-183.25
2026-03-09,Insurance Premium,-322.8
2026-04-19,Netflix Subscription,-269.62
2025-09-04,Doctor Visit Copay,-20.28
2025-07-14,Uber Ride,-179.08
2025-10-14,Restaurant Dinner,-287.8
2026-03-08,Home Depot,-173.98
2025-11-23,Walmart Supercenter,-83.45
2025-07-07,Insurance Premium,-270.03
2025-12-28,Netflix Subscription,-55.82
2025-11-18,Internet Service,-206.51
2025-10-18,Uber Ride,-182.69
2026-05-31,Gym Membership,-272.96
2026-02-26,Netflix Subscription,-495.94
2025-09-24,Hotel Stay,-225.62
2026-01-07,Shell Gas Station,-279.1
2026-04-18,Starbucks Coffee,-80.56
2025-08-09,Starbucks Coffee,-372.59
2025-10-12,Target Store,-53.75
2025-12-15,Insurance Premium,-496.92
2026-02-16,Dental Cleaning,-388.24
2025-12-19,Software Subscription,-242.35
2026-01-25,Shell Gas Station,-204.83
2026-01-20,Doctor Visit Copay,-488.26
2025-12-14,CVS Pharmacy,-312.75
2026-02-12,Uber Ride,-460.26
2025-08-14,Uber Ride,-212.72
2026-03-07,Hotel Stay,-93.52
2026-01-16,Insurance Premium,-248
2025-07-20,Gas Station,-103.54
2026-05-23,Doctor Visit Copay,-478.43
2025-08-11,Starbucks Coffee,-154.17
2026-01-23,CVS Pharmacy,-131.48
2025-12-20,Grocery Store,-497.27
2025-10-26,Doctor Visit Copay,-247.45
2026-05-03,Whole Foods Market,-394.56
2026-03-20,Gym Membership,-140.46
2025-07-18,Amazon Purchase,-479.37
2025-08-23,Electric Bill,-245.41
2026-03-16,Spotify Premium,-305.94
2026-05-26,Whole Foods Market,-369.15
2026-02-17,Walmart Supercenter,-6
2025-07-06,Software Subscription,-19.1
2026-04-04,Home Depot,-44.32
2025-09-04,Chipotle Mexican Grill,-497.24
2025-08-30,Doctor Visit Copay,-234.95
2025-10-31,CVS Pharmacy,-168.8
2026-04-17,Payroll Direct Deposit,4637.17
2025-09-10,Rent Payment,-2636.32
2025-08-09,Gym Membership,-235.19
2026-05-05,Amazon Purchase,-462.9
2025-08-10,Internet Service,-199.22
2026-01-27,Hotel Stay,-229.74
2025-08-12,Rent Payment,-1386.64
2026-03-06,CVS Pharmacy,-30.1
2026-04-18,Gym Membership,-50.26
2025-10-24,Uber Ride,-22.14
2025-07-30,Software Subscription,-210.6
2026-05-02,Internet Service,-366.39
2025-10-16,Gas Station,-145.58
2025-08-17,Uber Ride,-414.46
2025-09-08,Gas Station,-317.94
2026-04-24,Netflix Subscription,-107.7
2025-12-24,Uber Ride,-424.34
2025-07-26,Flight Booking,-286.2
2025-12-31,Electric Bill,-479.51
2025-10-10,Internet Service,-494.15
2025-07-10,Flight Booking,-141.8
2026-04-20,Walmart Supercenter,-359.96
2026-05-09,Whole Foods Market,-71.01
2025-09-13,Software Subscription,-450.94
2026-01-26,Rent Payment,-2824.98
2026-03-13,Grocery Store,-29.59
2026-02-08,Internet Service,-69.19
2025-12-31,Gas Station,-254.06
2025-10-12,Starbucks Coffee,-420.71
2026-01-13,Gym Membership,-47.13
2025-09-19,Starbucks Coffee,-108.21
2026-01-17,Uber Ride,-257.46
2026-01-14,Whole Foods Market,-300.11
2026-01-06,Restaurant Dinner,-381.61
2025-11-21,Dental Cleaning,-140.07
2026-02-10,Software Subscription,-284.25
2026-01-26,Gym Membership,-290.05
2025-10-15,CVS Pharmacy,-19.6
2025-09-27,Dental Cleaning,-44.78
2026-02-20,Parking Fee,-465.38
2025-11-15,Insurance Premium,-485.4
2025-11-10,Chipotle Mexican Grill,-493.52
2025-11-06,Hotel Stay,-198.19
2025-07-28,Flight Booking,-466.69
2026-05-05,Rent Payment,-2179.75
2025-07-22,CVS Pharmacy,-126.83
2026-03-31,Spotify Premium,-314.99
2025-07-09,Chipotle Mexican Grill,-474.56
2026-01-14,Internet Service,-487.14
2025-12-18,Netflix Subscription,-225.54
2026-02-27,Payroll Direct Deposit,6000.99
2026-03-19,Gym Membership,-352.47
2026-02-14,Uber Ride,-105.77
2025-10-28,Gym Membership,-496.02
2026-05-26,Whole Foods Market,-376.28
2026-01-12,Restaurant Dinner,-230.08
2025-08-06,Restaurant Dinner,-137.43
2026-04-25,Hotel Stay,-251.29
2025-10-06,Software Subscription,-123.35
2025-07-26,Spotify Premium,-180.92
2025-08-06,Restaurant Dinner,-135.38
2025-07-12,Flight Booking,-374.89
2025-12-19,Hotel Stay,-255.85
2025-12-29,Home Depot,-37.44
2026-01-25,Walmart Supercenter,-317.75
2026-04-01,CVS Pharmacy,-87.7
2025-10-18,Parking Fee,-65.68
2025-10-18,Gym Membership,-302.34
2026-02-26,Internet Service,-475.59
2026-03-09,Electric Bill,-278.35
2026-04-19,Apple iTunes,-86.64
2025-11-24,Target Store,-96.81
2025-11-02,Home Depot,-121.74
2025-09-14,Hotel Stay,-156.16
2026-04-27,Shell Gas Station,-129.62
2025-10-25,Whole Foods Market,-72.21
2026-05-24,Payroll Direct Deposit,3124.08
2026-04-29,Gas Station,-16.75
2025-08-30,Gym Membership,-168.25
2026-03-23,Software Subscription,-53.4
2025-12-19,Flight Booking,-345.04
2026-02-25,Shell Gas Station,-11.95
2025-11-11,Electric Bill,-159.22
2025-11-26,Starbucks Coffee,-183.09
2026-04-06,Apple iTunes,-383.06
2025-07-14,Payroll Direct Deposit,5441.15
2025-11-02,Amazon Purchase,-312.03
2025-08-05,Amazon Purchase,-332.94
2026-04-11,Uber Ride,-52.1
2025-11-17,CVS Pharmacy,-137.8
2026-01-13,Payroll Direct Deposit,3044.96
2025-09-26,Doctor Visit Copay,-478.09
2025-09-09,Shell Gas Station,-317.88
2025-07-01,Rent Payment,-1506.77
2025-10-09,Gym Membership,-87.83
2026-02-08,Flight Booking,-361.18
2025-09-05,Hotel Stay,-252.53
2025-07-05,Walmart Supercenter,-136.81
2026-05-18,Grocery Store,-413.15
2026-04-24,Hotel Stay,-64.16
2026-04-08,Insurance Premium,-378.43
2025-09-12,Doctor Visit Copay,-54.37
2026-02-11,Gas Station,-38.27
2026-01-26,Payroll Direct Deposit,5216.95
2026-04-10,Parking Fee,-151.39
2026-01-06,Grocery Store,-369.32
2025-12-23,Starbucks Coffee,-122.26
2026-05-02,Internet Service,-396.51
2025-07-09,Payroll Direct Deposit,3239.9
2025-07-22,Insurance Premium,-237.68
2026-05-19,Whole Foods Market,-81.19
2025-09-30,Uber Ride,-45.06
2026-03-29,Whole Foods Market,-228.34
2025-07-22,Apple iTunes,-371.44
2025-09-14,Restaurant Dinner,-256.4
2025-10-29,Rent Payment,-1747.86
2025-08-30,Insurance Premium,-167.44
2025-08-08,Grocery Store,-159.51
2026-02-28,Insurance Premium,-371.01
2025-11-25,Starbucks Coffee,-282.13
2026-05-06,Restaurant Dinner,-255.44
2026-03-12,Hotel Stay,-198.28
2026-01-06,Amazon Purchase,-291.07
2026-03-01,Walmart Supercenter,-281.23
2025-09-15,Apple iTunes,-436.08
2026-02-09,Flight Booking,-441.06
2026-05-26,Flight Booking,-454.04
2025-12-13,Electric Bill,-251.14
2026-05-01,Flight Booking,-398.74
2026-03-05,Insurance Premium,-82.46
2025-09-13,Electric Bill,-32.75
2025-12-18,Netflix Subscription,-479.24
2025-09-13,Uber Ride,-462.26
2025-07-01,Parking Fee,-451.44
2026-01-12,Uber Ride,-274.74
2025-11-01,Starbucks Coffee,-20
2026-05-14,Hotel Stay,-137.31
2025-10-09,Electric Bill,-464.73
2026-02-12,Flight Booking,-192.54
2026-05-24,Software Subscription,-302.29
2026-03-27,Restaurant Dinner,-237.22
2025-08-07,Grocery Store,-115.59
2026-02-07,Electric Bill,-364.55
2025-12-25,Electric Bill,-477.73
2025-12-01,Uber Ride,-58.98
2025-07-16,Starbucks Coffee,-419.5
2025-08-16,Parking Fee,-86.21
2025-07-26,Starbucks Coffee,-426.61
2025-10-11,Software Subscription,-6.68
2026-05-12,Parking Fee,-25.13
2026-02-11,Apple iTunes,-289.35
2026-04-24,Whole Foods Market,-248.74
2025-07-22,Payroll Direct Deposit,7051.46
2026-03-31,Shell Gas Station,-436.44
2025-10-23,Apple iTunes,-444.95
2026-02-18,CVS Pharmacy,-119.03
2026-01-23,Home Depot,-293.51
2025-10-23,Target Store,-31.78
2026-01-26,Gas Station,-137.78
2025-07-04,Restaurant Dinner,-101.53
2026-05-17,Spotify Premium,-38.71
2026-04-05,Apple iTunes,-208.97
2026-05-06,Grocery Store,-359.7
2026-02-22,Uber Ride,-54.59
2025-08-24,Netflix Subscription,-383.07
2025-10-17,Apple iTunes,-239.16
2025-11-12,Insurance Premium,-290.41
2025-08-31,Shell Gas Station,-391.74
2025-08-16,Whole Foods Market,-276.72
2026-02-16,Shell Gas Station,-401.17
2025-12-15,Gas Station,-385.08
2025-12-16,Insurance Premium,-496.98
2026-01-22,Gym Membership,-421.3
2025-09-28,Starbucks Coffee,-381.3
2025-10-31,Restaurant Dinner,-427.61
2025-08-13,Internet Service,-7.5
2025-09-30,Spotify Premium,-267.15
2025-07-25,CVS Pharmacy,-477.35
2026-02-06,Uber Ride,-308.34
2026-05-08,Internet Service,-380.31
2025-08-06,Restaurant Dinner,-451.47
2025-08-23,Amazon Purchase,-425.23
2026-02-08,Gym Membership,-214.69
2025-12-11,Gas Station,-311.47
2025-08-05,Spotify Premium,-29.72
2025-10-21,Uber Ride,-151.94
2025-12-01,Rent Payment,-1847.31
2026-04-13,Walmart Supercenter,-370.93
2025-08-25,Gym Membership,-422.12
2025-08-04,Dental Cleaning,-444.3
2026-04-09,Parking Fee,-42.17
2025-10-13,Gym Membership,-436.62
2026-02-12,Apple iTunes,-104.21
2025-10-04,Home Depot,-145.03
2025-08-27,CVS Pharmacy,-311.14
2026-03-20,Parking Fee,-289.62
2026-01-09,Spotify Premium,-212.08
2026-01-07,Flight Booking,-362.62
2026-03-04,Whole Foods Market,-322.3
2025-09-10,Uber Ride,-406.6
2026-03-24,Grocery Store,-418.94
2026-04-14,Restaurant Dinner,-475.26
2025-10-21,Whole Foods Market,-75.73
2025-09-04,Whole Foods Market,-277.5
2026-05-02,Whole Foods Market,-440.16
2025-08-28,Netflix Subscription,-179.68
2026-03-10,Uber Ride,-355.16
2026-05-06,Amazon Purchase,-320.46
2025-12-29,Rent Payment,-1539.16
2025-12-20,Chipotle Mexican Grill,-470.31
2025-11-11,Shell Gas Station,-233.37
2026-01-22,Starbucks Coffee,-18.06
2025-12-02,Rent Payment,-2790.52
2025-07-03,Target Store,-376.15
2025-07-06,Doctor Visit Copay,-261.57
2025-10-29,Software Subscription,-112.21
2026-02-11,Gas Station,-78.48
2025-12-19,Gas Station,-484.81
2025-12-09,CVS Pharmacy,-57.17
2025-12-16,Shell Gas Station,-132.14
2026-02-26,Walmart Supercenter,-28.28
2026-02-13,Gym Membership,-186.55
2026-05-07,Software Subscription,-459.57
2025-12-18,Insurance Premium,-493.51
2025-10-01,Software Subscription,-331.95
2025-11-20,Chipotle Mexican Grill,-293.2
2025-07-10,Chipotle Mexican Grill,-187.12
2025-12-23,Shell Gas Station,-9.55
2026-03-17,Target Store,-244.32
2026-02-26,Grocery Store,-359.93
2025-08-31,Doctor Visit Copay,-54.06
2026-02-22,Target Store,-21.28
2025-07-12,CVS Pharmacy,-44.22
2025-12-29,Gas Station,-18.2
2025-11-21,Chipotle Mexican Grill,-147.65
2026-03-17,Dental Cleaning,-140.77
2025-08-27,Apple iTunes,-297.77
2026-05-10,Amazon Purchase,-326.18
2025-10-17,Gym Membership,-267.57
2025-07-27,CVS Pharmacy,-497.27
2026-04-29,Restaurant Dinner,-118.27
2025-07-02,Software Subscription,-367.82
2026-04-11,Gym Membership,-183.08
2026-05-28,Hotel Stay,-469.03
2025-08-12,Grocery Store,-266.26
2026-04-25,Starbucks Coffee,-199.95
2025-09-11,Starbucks Coffee,-134.38
2025-10-10,Restaurant Dinner,-168.67
2025-08-15,Flight Booking,-6.32
2026-04-13,Electric Bill,-457.5
2026-04-04,Restaurant Dinner,-366.42
2026-04-27,Gym Membership,-227.7
2025-08-22,Home Depot,-326.57
2026-01-18,Amazon Purchase,-9.38
2025-09-07,Apple iTunes,-206.3
2026-04-29,Restaurant Dinner,-352.04
2026-04-17,CVS Pharmacy,-124.75
2025-10-19,Dental Cleaning,-206.43
2025-11-16,Spotify Premium,-9.56
2025-08-14,Grocery Store,-337.25
2025-12-19,Netflix Subscription,-438.02
2025-07-23,Amazon Purchase,-315.43
2026-03-16,Grocery Store,-454.97
2026-02-28,Walmart Supercenter,-496.33
2026-03-17,Payroll Direct Deposit,7570.89
2025-07-18,Parking Fee,-40.19
2026-04-26,Software Subscription,-74.31
2025-11-29,CVS Pharmacy,-227.52
2026-05-26,CVS Pharmacy,-381.03
2025-10-28,Rent Payment,-2175.93
2026-04-24,Insurance Premium,-47.8
2025-11-01,Internet Service,-325.2
2025-12-14,CVS Pharmacy,-204.91
2026-05-26,Parking Fee,-114.93
2025-11-10,Internet Service,-472.29
2025-08-20,Home Depot,-320.79
2026-05-07,Internet Service,-219.24
2025-09-16,Spotify Premium,-162.7
2025-12-10,Internet Service,-257.53
2026-01-30,Electric Bill,-109.26
2026-03-25,Hotel Stay,-23.36
2025-10-08,Gym Membership,-45.01
2026-04-15,Payroll Direct Deposit,5263.14
2026-04-28,Rent Payment,-2094.03
2026-01-22,Internet Service,-259.08
2026-01-11,Home Depot,-457.72
2026-02-09,Grocery Store,-452.78
2025-10-31,Flight Booking,-102.89
2026-02-21,Dental Cleaning,-119.01
2025-12-18,Payroll Direct Deposit,6831.1
2025-09-22,Starbucks Coffee,-373.05
2025-11-17,Doctor Visit Copay,-84.36
2025-10-03,Amazon Purchase,-478.81
2025-08-27,CVS Pharmacy,-301.89
2026-01-23,Chipotle Mexican Grill,-478.12
2025-08-11,Software Subscription,-369.06
2025-07-23,Home Depot,-378.81
2025-12-26,Uber Ride,-453.09
2026-05-08,Target Store,-255.52
2026-02-21,Software Subscription,-499.83
2025-11-14,Flight Booking,-239.7
2025-12-06,Doctor Visit Copay,-422.05
2025-10-19,Insurance Premium,-40.59
2026-02-18,Software Subscription,-278.51
2025-10-18,Dental Cleaning,-346.36
2025-12-18,Whole Foods Market,-332.91
2026-01-16,Chipotle Mexican Grill,-382.36
2026-03-03,Uber Ride,-288.87
2025-08-21,Software Subscription,-420.85
2025-12-24,Software Subscription,-102.16
2026-01-12,Amazon Purchase,-352.11
2025-10-12,Dental Cleaning,-94.93
2025-10-27,Rent Payment,-2389.61
2026-01-03,Spotify Premium,-192.85
2025-09-14,Grocery Store,-142.24
2026-04-10,Target Store,-202.19
2026-05-23,Shell Gas Station,-177.62
2025-08-27,Rent Payment,-2872.9
2026-04-05,Home Depot,-302.07
2025-07-08,Insurance Premium,-368.33
2026-02-21,Dental Cleaning,-168.01
2026-04-01,Insurance Premium,-164.98
2026-04-16,Home Depot,-448.6
2025-09-18,Spotify Premium,-158.39
2026-04-08,Chipotle Mexican Grill,-360.79
2025-07-22,Gym Membership,-18.2
2026-04-21,Chipotle Mexican Grill,-77.78
2026-03-13,Dental Cleaning,-57.7
2026-02-10,Flight Booking,-181.05
2025-11-21,Target Store,-321.07
2025-09-28,Starbucks Coffee,-449.52
2025-09-25,Shell Gas Station,-396.99
2026-01-08,Parking Fee,-133.93
2025-10-16,Dental Cleaning,-343.59
2026-01-10,Shell Gas Station,-477.78
2026-04-19,CVS Pharmacy,-74.25
2026-05-01,Rent Payment,-2680.65
2025-10-04,Grocery Store,-449.75
2026-02-21,Gym Membership,-279.78
2025-12-09,Target Store,-254.85
2025-09-16,Shell Gas Station,-362.08
2026-02-18,Restaurant Dinner,-6.74
2026-04-16,Doctor Visit Copay,-189.03
2025-09-09,Chipotle Mexican Grill,-180.21
2026-01-07,Target Store,-362.65
2026-03-07,Electric Bill,-285.04
2025-11-21,Parking Fee,-18.81
2026-02-11,Internet Service,-208.91
2026-01-11,Home Depot,-206.37
2026-01-31,Electric Bill,-70.86
2026-04-13,Walmart Supercenter,-309.61
2025-08-18,Electric Bill,-245
2025-09-06,Target Store,-435.55
2026-01-31,Electric Bill,-187.95
2026-01-28,Amazon Purchase,-174.11
2025-08-29,Electric Bill,-109.33
2025-07-04,Apple iTunes,-363.53
2026-02-16,Software Subscription,-19.62
2026-05-08,CVS Pharmacy,-498.45
2026-05-27,Chipotle Mexican Grill,-84.34
2026-04-13,Hotel Stay,-290.91
2025-09-17,CVS Pharmacy,-252.99
2026-04-28,Insurance Premium,-324.55
2025-10-29,Target Store,-388.03
2025-12-25,Target Store,-174.57
2026-05-11,Rent Payment,-2613.89
2026-04-17,Gas Station,-462.86
2026-02-11,Walmart Supercenter,-122.06
2025-08-20,Flight Booking,-54.81
2026-05-23,Shell Gas Station,-178.41
2025-11-27,Hotel Stay,-172.26
2025-07-23,Parking Fee,-207.38
2026-02-01,Whole Foods Market,-437.46
2026-01-31,Electric Bill,-96.19
2026-01-07,Restaurant Dinner,-303.8
2026-03-28,Starbucks Coffee,-168.9
2025-09-21,Uber Ride,-210.2
2025-09-15,Insurance Premium,-172.01
2026-02-13,Apple iTunes,-268.23
2025-10-08,Netflix Subscription,-111.77
2025-09-11,Shell Gas Station,-422.84
2025-08-11,Payroll Direct Deposit,4323.1
2026-05-04,Doctor Visit Copay,-92.42
2025-10-14,Dental Cleaning,-296.22
2026-05-18,Home Depot,-263.13
2025-10-10,Grocery Store,-393.77
2026-04-23,Starbucks Coffee,-150.95
2025-12-16,Doctor Visit Copay,-388.52
2026-02-26,Target Store,-464.54
2026-01-25,CVS Pharmacy,-200.8
2026-03-19,Hotel Stay,-379.46
2025-10-17,Software Subscription,-58.59
2025-12-12,Restaurant Dinner,-146.93
2025-12-03,Software Subscription,-74.53
2025-07-12,Parking Fee,-423.27
2025-09-21,Rent Payment,-2938.53
2025-10-30,Internet Service,-236.91
2026-02-06,Spotify Premium,-479.55
2025-09-12,Walmart Supercenter,-220.05
2025-07-29,Internet Service,-235.51
2025-12-10,Dental Cleaning,-235.69
2026-03-06,Flight Booking,-441.81
2025-07-15,Gas Station,-89.98
2025-08-17,CVS Pharmacy,-192.3
2025-07-27,Whole Foods Market,-334.28
2025-08-01,Doctor Visit Copay,-339.77
2025-11-12,Flight Booking,-427.25
2026-05-16,CVS Pharmacy,-27.72
2025-11-13,Gym Membership,-9.26
2026-03-04,Grocery Store,-377.14
2026-05-27,Shell Gas Station,-406.59
2025-09-17,CVS Pharmacy,-490.86
2025-10-25,Gym Membership,-338.57
2025-07-05,Insurance Premium,-387.67
2026-04-02,Home Depot,-5.11
2026-04-01,Grocery Store,-429.88
2025-11-22,Chipotle Mexican Grill,-220.88
2026-03-11,Gas Station,-110.7
2025-07-18,Insurance Premium,-244.08
2025-10-21,Home Depot,-477.41
2025-10-03,Starbucks Coffee,-210.86
2025-07-05,Flight Booking,-367.41
2026-03-16,Flight Booking,-352.65
2025-12-11,Gym Membership,-81.32
2025-10-31,Walmart Supercenter,-40.8
2026-04-29,Doctor Visit Copay,-89.4
2025-10-10,Netflix Subscription,-220.61
2026-05-09,Uber Ride,-43.09
2025-12-24,Doctor Visit Copay,-495.01
2026-01-15,Walmart Supercenter,-77.12
2025-09-02,Software Subscription,-214.32
2026-04-18,CVS Pharmacy,-101.14
2025-09-25,Amazon Purchase,-412.04
2025-07-15,Hotel Stay,-15.46
2025-12-11,Grocery Store,-293.16
2026-02-05,Target Store,-249.62
2026-04-17,Starbucks Coffee,-442.14
2026-02-15,Walmart Supercenter,-378.04
2025-10-16,Chipotle Mexican Grill,-156.88
2025-07-04,Spotify Premium,-116.12
2026-03-04,Doctor Visit Copay,-181.1
2026-03-02,Target Store,-73.24
2025-12-07,Software Subscription,-366.67
2025-12-08,Whole Foods Market,-271.68
2026-01-11,Chipotle Mexican Grill,-468.44
2026-01-17,Electric Bill,-178.86
2026-04-19,Electric Bill,-140.03
2025-10-19,Chipotle Mexican Grill,-351.23
2025-09-25,Target Store,-304.49
2025-12-10,Rent Payment,-2966.03
2025-07-23,Netflix Subscription,-123.85
2025-08-02,Walmart Supercenter,-433.68
2026-05-15,Target Store,-183.76
2026-03-29,Software Subscription,-143.56
2025-12-15,Home Depot,-263.65
2026-01-08,Dental Cleaning,-211.37
2026-03-07,CVS Pharmacy,-28.04
2025-07-29,Netflix Subscription,-493.89
2025-09-15,Starbucks Coffee,-426.1
2025-08-30,Uber Ride,-345.51
2025-12-03,Grocery Store,-372.14
2025-11-19,Electric Bill,-340.33
2026-04-15,Whole Foods Market,-58.14
2025-10-17,Flight Booking,-51.37
2025-10-25,Gym Membership,-328
2026-02-19,Chipotle Mexican Grill,-262.21
2025-07-22,Netflix Subscription,-372.71
2025-11-20,Apple iTunes,-174.81
2026-01-26,Whole Foods Market,-233.23
2025-10-02,Shell Gas Station,-300.46
2026-01-20,Chipotle Mexican Grill,-140.87
2025-08-27,Starbucks Coffee,-462.51
2025-10-07,Electric Bill,-381.72
2026-05-31,Dental Cleaning,-439.89
2026-05-30,Electric Bill,-238.49
2026-01-29,Hotel Stay,-229.19
2025-11-12,Electric Bill,-176.23
2026-05-17,Insurance Premium,-494.03
2026-05-30,Hotel Stay,-223.39
2026-03-21,Rent Payment,-1857.54
2025-07-12,Spotify Premium,-27.85
2026-02-19,Spotify Premium,-82.9
2025-07-03,Uber Ride,-300.69
2025-09-06,Electric Bill,-360.17
2026-02-18,Dental Cleaning,-367.95
2025-08-31,Uber Ride,-331.63
2026-05-30,Flight Booking,-164.33
2025-12-22,Walmart Supercenter,-223.56
2025-09-08,Flight Booking,-342.09
2025-07-10,Gym Membership,-346.02
2026-05-10,Internet Service,-105.83
2026-03-15,Target Store,-83.18
2025-11-28,Starbucks Coffee,-79.57
2025-11-15,Grocery Store,-241.96
2025-07-30,Flight Booking,-258.15
2025-10-17,Uber Ride,-381.02
2025-07-25,Netflix Subscription,-156.68
2025-08-20,Apple iTunes,-33.01
2025-08-10,Parking Fee,-173.45
2026-05-12,Restaurant Dinner,-456.14
2025-09-03,Software Subscription,-76.91
2025-12-29,Doctor Visit Copay,-481.78
2025-08-21,Whole Foods Market,-439.69
2025-07-25,Apple iTunes,-166.7
2025-11-26,Gym Membership,-365.36
2025-12-25,Internet Service,-176.08
2026-05-11,Grocery Store,-197.09
2025-10-02,Flight Booking,-85.49
2025-08-18,Amazon Purchase,-69.47
2025-07-31,Software Subscription,-237.32
2025-08-03,Grocery Store,-38.07
2026-01-08,Netflix Subscription,-422.36
2025-10-17,Electric Bill,-244.9
2026-03-02,Insurance Premium,-89.09
2025-07-04,Shell Gas Station,-456.95
2026-05-25,Doctor Visit Copay,-44.6
2025-09-23,Walmart Supercenter,-316.92
2025-09-24,Gym Membership,-415.43
2025-08-22,Netflix Subscription,-177.3
2026-04-16,Apple iTunes,-65.02
2026-02-24,Shell Gas Station,-283.54
2025-09-11,Starbucks Coffee,-406.5
2025-08-09,Flight Booking,-356.25
2026-05-28,CVS Pharmacy,-31.35
2026-02-18,Starbucks Coffee,-278.92
2026-02-05,Grocery Store,-425
2026-05-28,Apple iTunes,-131.28
2026-01-20,Parking Fee,-325.23
2025-10-10,Grocery Store,-418.43
2025-07-19,Software Subscription,-134.75
2025-08-07,Walmart Supercenter,-16.24
2025-11-23,Spotify Premium,-331.65
2026-03-16,Spotify Premium,-88.69
2026-03-19,Walmart Supercenter,-354.31
2025-07-10,Payroll Direct Deposit,6816.59
2026-01-25,Insurance Premium,-486.71
2025-07-23,Target Store,-493.48
2026-01-24,Spotify Premium,-139.05
2025-10-22,Grocery Store,-278.33
2026-01-19,Parking Fee,-19.73
2025-09-18,Apple iTunes,-367.55
2025-10-21,Whole Foods Market,-271.72
2026-02-18,Insurance Premium,-23.98
2026-04-30,Spotify Premium,-29.86
2026-05-01,Doctor Visit Copay,-149.18
2026-03-05,Whole Foods Market,-68.34
2025-11-12,Amazon Purchase,-494.93
2026-04-24,Target Store,-127.96
2025-11-14,Amazon Purchase,-159.18
2025-07-14,Chipotle Mexican Grill,-87.43
2025-11-22,Grocery Store,-214
2026-02-11,Starbucks Coffee,-368.35
2026-05-03,Parking Fee,-223.26
2026-04-10,Whole Foods Market,-189.01
2025-09-16,Shell Gas Station,-208.01
2025-11-10,Rent Payment,-1485.8
2026-02-18,Chipotle Mexican Grill,-301.36
2026-01-28,Target Store,-427.15
2026-02-18,CVS Pharmacy,-312.11
2025-10-09,Target Store,-471.58
2026-04-14,Electric Bill,-194.08
2025-07-16,Gym Membership,-345
2026-04-09,Grocery Store,-49.11
2025-09-01,Shell Gas Station,-468.19
2025-10-31,Starbucks Coffee,-388.82
2025-07-10,CVS Pharmacy,-44.85
2025-10-05,Home Depot,-133.31
2025-08-08,Spotify Premium,-247.9
2026-05-28,Walmart Supercenter,-171.68
2025-09-16,Restaurant Dinner,-197.22
2025-09-08,Starbucks Coffee,-234.1
2025-10-02,Amazon Purchase,-293.85
2026-02-05,Restaurant Dinner,-293.04
2026-05-26,Rent Payment,-2317.7
2026-03-14,Walmart Supercenter,-132.08
2025-12-19,Shell Gas Station,-269.59
2025-10-09,Hotel Stay,-491.88
2026-01-21,Home Depot,-324.11
2025-08-06,Amazon Purchase,-481.37
2026-05-07,Payroll Direct Deposit,3337.27
2025-12-29,Whole Foods Market,-291.89
2026-02-07,Whole Foods Market,-61.14
2026-03-06,Whole Foods Market,-434.3
2026-03-23,Uber Ride,-285.04
2026-03-06,Gas Station,-329.33
2025-10-08,Parking Fee,-215.11
2026-05-26,Doctor Visit Copay,-384.1
2026-03-29,Starbucks Coffee,-399.81
2026-04-10,Gas Station,-319.27
2026-05-06,Dental Cleaning,-280.96
2025-10-16,Netflix Subscription,-484.88
2026-02-18,Flight Booking,-46.55
2025-08-13,Apple iTunes,-246.52
2026-03-26,Parking Fee,-460.21
2025-07-09,Payroll Direct Deposit,4430.33
2025-08-01,Dental Cleaning,-496.2
2025-11-23,Whole Foods Market,-417.59
2025-10-25,Shell Gas Station,-183.19
2025-07-08,Netflix Subscription,-467.82
2026-01-03,Amazon Purchase,-102.38
2026-02-17,Apple iTunes,-352.07
2026-01-17,Electric Bill,-443.15
2025-08-08,Dental Cleaning,-497.12
2026-01-12,Rent Payment,-1773.39
2026-02-08,Payroll Direct Deposit,7964.97
2025-08-31,Payroll Direct Deposit,7263.78
2026-04-25,Internet Service,-36.18
2025-12-22,Target Store,-102.78
2025-12-13,Starbucks Coffee,-332.4
2025-08-15,Starbucks Coffee,-232.21
2025-10-13,Chipotle Mexican Grill,-93.11
2025-10-25,Software Subscription,-375.13
2025-11-17,Electric Bill,-429.52
2026-03-20,Gas Station,-287.19
2026-02-11,Spotify Premium,-357.88
2025-10-08,Dental Cleaning,-475.45
2025-09-10,Amazon Purchase,-127.35
2026-04-22,Dental Cleaning,-269.54
2025-07-07,Gym Membership,-73.33
2026-01-05,Restaurant Dinner,-309.62
2025-10-03,Whole Foods Market,-17.16
2025-10-02,Target Store,-112.69
2025-09-20,Parking Fee,-188.44
2025-10-09,Netflix Subscription,-206.4
2026-05-25,Parking Fee,-270.58
2025-10-21,Whole Foods Market,-196.98
2025-07-11,Insurance Premium,-269.04
2025-12-12,Gym Membership,-34.67
2026-03-25,Restaurant Dinner,-177.97
2025-11-27,Spotify Premium,-199.5
2026-02-09,Whole Foods Market,-363.89
2025-09-29,Dental Cleaning,-159.08
2025-09-24,Dental Cleaning,-206.89
2025-08-05,Starbucks Coffee,-317.61
2025-07-10,Flight Booking,-35.58
2026-03-20,Internet Service,-284.89
2026-03-25,Shell Gas Station,-462.55
2025-07-28,CVS Pharmacy,-326.02
2026-01-20,Hotel Stay,-352.96
2026-01-29,Spotify Premium,-170.7
2026-05-30,Starbucks Coffee,-150.78
2025-11-24,Netflix Subscription,-330.23
2025-10-19,Electric Bill,-343.31
2026-01-09,Insurance Premium,-317.53
2025-09-11,Flight Booking,-418.69
2025-10-24,Gym Membership,-167.12
2026-04-28,Amazon Purchase,-70.74
2025-09-10,Amazon Purchase,-304.76
2025-12-21,Target Store,-431.07
2026-04-01,Chipotle Mexican Grill,-436.98
2026-04-29,Chipotle Mexican Grill,-108.61
2025-07-03,Target Store,-231.92
2026-05-26,Chipotle Mexican Grill,-243.73
2026-04-09,Internet Service,-289.07
2026-01-05,Whole Foods Market,-129.36
2025-08-05,Dental Cleaning,-65.51
2026-04-14,Target Store,-59.69
2025-12-30,Internet Service,-349.42
2026-05-04,Shell Gas Station,-428.69
2025-09-03,Apple iTunes,-326.67
2026-04-04,Parking Fee,-222.03
2025-12-05,Gas Station,-171.53
2026-01-02,Doctor Visit Copay,-301.86
2026-03-05,Flight Booking,-413.97
2026-01-01,Doctor Visit Copay,-113.08
2025-11-02,Dental Cleaning,-233.87
2025-11-13,Payroll Direct Deposit,7387.47
2026-03-10,Uber Ride,-51.91
2025-07-26,Shell Gas Station,-62.35
2025-09-10,Restaurant Dinner,-270.78
2025-07-07,Target Store,-269.25
2025-12-19,Insurance Premium,-354.51
2025-07-19,Grocery Store,-158.69
2026-01-30,Electric Bill,-187.26
2026-03-21,Parking Fee,-352.13
2025-11-13,Apple iTunes,-278.61
2026-04-07,Dental Cleaning,-315.27
2025-12-10,Doctor Visit Copay,-122.28
2026-04-15,Doctor Visit Copay,-37.74
2025-12-17,Spotify Premium,-31.48
2025-10-16,Electric Bill,-452.3
2025-12-07,Flight Booking,-383.14
2025-10-15,Grocery Store,-48.64
2025-09-27,Walmart Supercenter,-90.7
2025-08-15,Grocery Store,-330.01
2026-02-20,Uber Ride,-9.25
2026-04-16,Home Depot,-217.52
2025-08-10,Electric Bill,-52.14
2025-09-06,Uber Ride,-340.28
2025-07-03,Chipotle Mexican Grill,-332.21
2026-02-25,Netflix Subscription,-327.88
2026-04-06,Target Store,-77.92
2026-04-06,Amazon Purchase,-301.24
2025-08-06,Restaurant Dinner,-320.06
2026-02-27,Flight Booking,-416.03
2026-02-20,Dental Cleaning,-400.2
2026-02-16,Home Depot,-224.37
2026-01-27,Gas Station,-455.97
2025-12-23,Rent Payment,-1772.02
2026-04-13,Electric Bill,-393.1
2025-12-12,Rent Payment,-1850.39
2025-08-17,CVS Pharmacy,-278.2
2026-02-16,Electric Bill,-384.32
2025-12-01,Netflix Subscription,-7.55
2025-09-03,Walmart Supercenter,-139.89
2026-03-20,Apple iTunes,-123.59
2026-05-30,Amazon Purchase,-279.42
2025-11-24,Chipotle Mexican Grill,-362.04
2025-11-23,Whole Foods Market,-246.37
2026-03-14,Amazon Purchase,-311.92
2026-02-22,Starbucks Coffee,-481.33
2025-09-30,Home Depot,-141.28
2025-10-26,Insurance Premium,-257.64
2026-04-13,Starbucks Coffee,-416.38
2025-12-26,Starbucks Coffee,-333.87
2025-09-10,Uber Ride,-374.49
2026-02-27,Uber Ride,-14.98
2026-01-24,Payroll Direct Deposit,7616.6
2025-09-07,Netflix Subscription,-294.48
2025-08-21,Uber Ride,-113.07
2025-07-18,Starbucks Coffee,-158.3
2025-07-13,Starbucks Coffee,-347.56
2026-05-12,Walmart Supercenter,-73.4
2025-11-16,Chipotle Mexican Grill,-357.53
2026-03-10,Doctor Visit Copay,-119.41
2026-05-02,Parking Fee,-204.7
2026-05-19,Shell Gas Station,-416.42
2025-12-10,Parking Fee,-72.58
2026-02-25,Uber Ride,-338.54
2025-10-19,Shell Gas Station,-251.68
2025-07-24,Electric Bill,-340.87
2025-07-22,Shell Gas Station,-247.35
2026-03-02,Starbucks Coffee,-481.57
2025-10-27,Chipotle Mexican Grill,-386.25
2026-03-02,Electric Bill,-197.24
2025-10-10,Hotel Stay,-204.82
2026-05-17,Whole Foods Market,-345.17
2025-07-08,Internet Service,-488.44
2026-01-24,Home Depot,-58.75
2026-03-17,Chipotle Mexican Grill,-460.39
2025-09-04,Doctor Visit Copay,-28.66
2026-01-24,Software Subscription,-282.8
2025-12-02,Doctor Visit Copay,-49.2
2025-09-16,Chipotle Mexican Grill,-241.16
2025-09-09,Starbucks Coffee,-277.69
2025-10-16,Walmart Supercenter,-407.51
2025-08-08,Uber Ride,-330.05
2026-03-15,CVS Pharmacy,-254.75
2025-11-03,Electric Bill,-398.24
2025-07-30,Internet Service,-434.91
2025-10-28,Insurance Premium,-478.12
2026-04-14,Software Subscription,-220.92
2026-05-18,Rent Payment,-1585.07
2026-05-21,Hotel Stay,-484.46
2025-11-03,CVS Pharmacy,-347.64
2025-08-06,Uber Ride,-134.25
2025-07-17,Software Subscription,-282.17
2026-04-18,Netflix Subscription,-427.9
2025-08-18,Internet Service,-332.67
2026-01-28,Parking Fee,-94.26
2026-01-03,Uber Ride,-351.68
2025-07-01,Hotel Stay,-413.07
2026-05-26,Dental Cleaning,-74.41
2025-10-23,Shell Gas Station,-39.3
2025-08-22,Netflix Subscription,-486.51
2025-11-13,Apple iTunes,-149.48
2025-09-05,Gym Membership,-19.48
2026-01-10,Target Store,-156.76
2026-05-04,Hotel Stay,-405.27
2025-07-07,CVS Pharmacy,-115.96
2026-01-06,Chipotle Mexican Grill,-221.93
2026-05-14,Apple iTunes,-65.71
2025-11-11,Shell Gas Station,-427.93
2025-07-20,CVS Pharmacy,-128.51
2025-12-02,Gas Station,-40.08
2025-11-23,Target Store,-489.94
2025-11-30,Payroll Direct Deposit,5014.49
2026-01-16,Uber Ride,-231.99
2026-04-24,Chipotle Mexican Grill,-276.89
2025-10-26,Restaurant Dinner,-251.83
2025-12-12,Dental Cleaning,-148.19
2026-01-06,Software Subscription,-387.48
2025-10-10,Software Subscription,-223.79
2026-05-28,Doctor Visit Copay,-431.07
2025-07-31,Payroll Direct Deposit,5964.07
2026-02-26,Flight Booking,-296.57
2025-07-29,Rent Payment,-2478.12
2025-10-27,Shell Gas Station,-23.23
2026-04-20,CVS Pharmacy,-438.34
2025-09-21,Insurance Premium,-220.44
2026-03-09,Home Depot,-315.28
2026-02-19,Uber Ride,-325.66
2025-09-15,Software Subscription,-344.14
2025-10-31,CVS Pharmacy,-46.5
2025-12-24,Gym Membership,-244.02
2025-09-27,Dental Cleaning,-202.43
2025-07-12,Internet Service,-349.11
2025-10-06,Software Subscription,-432.93
2026-02-16,Restaurant Dinner,-121.87
2026-04-30,Amazon Purchase,-411.8
2026-05-14,Software Subscription,-470.46
2026-01-29,Parking Fee,-334.24
2025-08-13,Rent Payment,-2238.91
2025-08-08,Home Depot,-55.86
2026-02-18,Grocery Store,-382.91
2026-01-23,Internet Service,-44.32
2025-07-13,CVS Pharmacy,-440.81
2025-09-19,Insurance Premium,-483.3
2026-04-30,Amazon Purchase,-78.53
2026-05-26,Uber Ride,-376.91
2025-08-19,Gym Membership,-388.69
2026-02-08,Doctor Visit Copay,-74.62
2026-01-10,Hotel Stay,-99.45
2025-07-06,Doctor Visit Copay,-291.42
2026-05-25,Gym Membership,-484.15
2026-05-19,Dental Cleaning,-483.09
2026-02-01,Rent Payment,-2530.23
2026-01-06,Gas Station,-421.43
2026-02-22,Starbucks Coffee,-54.16
2025-08-16,Walmart Supercenter,-319.45
2025-12-19,Walmart Supercenter,-331.64
2026-02-05,Uber Ride,-217.5
2026-02-16,Gym Membership,-116.99
2025-11-09,Rent Payment,-2918.47
2025-09-24,Amazon Purchase,-488.08
2026-02-17,Netflix Subscription,-405.72
2026-01-31,Starbucks Coffee,-247.77
2026-04-29,Internet Service,-146.6
2025-07-03,Uber Ride,-166.47
2025-08-10,Rent Payment,-1890.34
2025-09-12,Netflix Subscription,-9.6
2026-02-14,Electric Bill,-325.56
2026-02-25,Internet Service,-274.78
2026-04-09,Walmart Supercenter,-364.84
2025-11-14,Doctor Visit Copay,-117.42
2025-12-11,Flight Booking,-389.5
2026-01-30,Dental Cleaning,-313.97
2026-01-05,Grocery Store,-341.89
2025-11-28,Parking Fee,-165.22
2025-12-24,Grocery Store,-121.58
2025-09-16,Uber Ride,-86.28
2026-04-18,Netflix Subscription,-258.28
2025-08-09,Payroll Direct Deposit,7434.02
2026-02-10,Electric Bill,-71.54
2026-04-10,Amazon Purchase,-133.76
2026-02-04,Chipotle Mexican Grill,-261.9
2025-09-27,Amazon Purchase,-38.5
2026-01-22,Whole Foods Market,-428.23
2025-11-28,Starbucks Coffee,-379.26
2025-09-15,Gas Station,-392.79
2026-05-15,Gym Membership,-442.27
2026-01-10,Internet Service,-106.33
2025-07-02,Internet Service,-377.59
2025-11-07,CVS Pharmacy,-307.96
2025-10-28,Insurance Premium,-214.66
2026-04-24,Restaurant Dinner,-73.24
2025-11-10,Internet Service,-167.79
2025-11-14,Netflix Subscription,-440.65
2025-12-21,Walmart Supercenter,-311.04
2026-05-13,Hotel Stay,-133.67
2026-04-04,Parking Fee,-22.8
2026-05-25,Parking Fee,-301.14
2025-10-23,Chipotle Mexican Grill,-325.92
2026-05-16,Restaurant Dinner,-435.71
2025-11-28,Amazon Purchase,-439
2026-05-02,Shell Gas Station,-326.32
2026-05-11,Walmart Supercenter,-184.66
2025-07-12,Home Depot,-490.96
2025-12-15,Apple iTunes,-48.54
2025-10-29,Starbucks Coffee,-133.26
2025-07-18,Shell Gas Station,-48.74
2025-08-27,CVS Pharmacy,-182.2
2026-03-12,Restaurant Dinner,-171.36
2025-11-26,Whole Foods Market,-427.45
2026-02-12,Target Store,-331.49
2026-04-18,Restaurant Dinner,-38.57
2025-07-27,Netflix Subscription,-473.8
2026-05-22,CVS Pharmacy,-230.67
2025-09-13,Home Depot,-90.39
2025-09-22,Electric Bill,-115.56
2026-04-22,Dental Cleaning,-424.71
2025-08-12,Walmart Supercenter,-51.55
2025-11-13,Software Subscription,-345.38
2026-02-27,Insurance Premium,-357.86
2025-07-31,Dental Cleaning,-293.84
2026-05-29,Spotify Premium,-420.3
2026-05-11,Internet Service,-28.98
2025-11-24,Dental Cleaning,-116.43
2026-01-07,Dental Cleaning,-446.14
2026-05-17,Flight Booking,-110.41
2025-11-28,Gas Station,-321.04
2025-07-21,Spotify Premium,-462.37
2025-10-19,Insurance Premium,-247.63
2025-08-01,Payroll Direct Deposit,6247.9
2025-12-21,Whole Foods Market,-120.13
2026-01-17,Apple iTunes,-491.55
2026-05-12,Parking Fee,-187.73
2026-04-01,Flight Booking,-137.55
2026-01-18,Flight Booking,-438.28
2025-11-15,Home Depot,-498.2
2025-10-03,Rent Payment,-2873.77
2025-10-28,Whole Foods Market,-474.17
2026-03-07,Shell Gas Station,-407.64
2026-03-12,Target Store,-138.26
2025-12-31,Shell Gas Station,-194.77
2026-02-17,Whole Foods Market,-397.17
2025-10-09,Internet Service,-369.23
2026-03-18,Uber Ride,-244.08
2026-02-28,Electric Bill,-60.07
2025-07-07,Insurance Premium,-453.39
2026-01-20,Gym Membership,-464.74
2026-05-04,Hotel Stay,-455.36
2026-05-24,Starbucks Coffee,-91.59
2026-05-18,Starbucks Coffee,-413.06
2025-12-26,Internet Service,-106.66
2026-01-26,Chipotle Mexican Grill,-64.2
2025-11-02,Doctor Visit Copay,-306.03
2025-08-07,Shell Gas Station,-209.01
2026-05-17,Flight Booking,-16.68
2025-09-08,Payroll Direct Deposit,6471.82
2025-07-20,Insurance Premium,-327.57
2026-05-07,Insurance Premium,-293.61
2026-05-01,Gas Station,-449.96
2026-01-01,Starbucks Coffee,-41.32
2026-02-07,Flight Booking,-176.82
2025-09-05,Doctor Visit Copay,-417.57
2026-02-27,Internet Service,-32.04
2026-02-27,Target Store,-479.56
2026-04-02,Home Depot,-438.03
2026-05-06,Rent Payment,-1491.31
2026-03-13,Hotel Stay,-457.67
2025-08-18,Home Depot,-94.83
2025-07-10,Starbucks Coffee,-162.43
2026-03-08,Amazon Purchase,-48.82
2026-01-29,Doctor Visit Copay,-459.81
2026-01-06,Gas Station,-284.16
2026-02-26,Target Store,-421.67
2026-01-26,Amazon Purchase,-358.31
2025-10-04,Starbucks Coffee,-413.54
2026-02-16,Parking Fee,-10.72
2025-09-21,Spotify Premium,-429.63
2026-04-25,Restaurant Dinner,-363.65
2026-01-16,Dental Cleaning,-338.67
2026-05-14,Software Subscription,-378.04
2026-04-02,Insurance Premium,-136.69
2025-12-10,Parking Fee,-313.87
2026-05-18,Starbucks Coffee,-67.03
2026-02-06,Parking Fee,-344.76
2026-02-23,Rent Payment,-2087.06
2026-01-01,Walmart Supercenter,-61.89
2025-07-31,Insurance Premium,-408.73
2025-11-05,Chipotle Mexican Grill,-274.64
2026-05-18,Dental Cleaning,-79.32
2025-11-06,Walmart Supercenter,-385.22
2026-04-22,Target Store,-19.46
2025-09-08,Rent Payment,-2486.02
2026-03-12,Hotel Stay,-366.33
2025-09-05,Chipotle Mexican Grill,-397.58
2025-10-16,Electric Bill,-278.3
2025-10-14,Walmart Supercenter,-155.96
2025-07-15,Payroll Direct Deposit,3124.8
2026-04-26,Rent Payment,-2919.51
2026-02-18,Software Subscription,-263.62
2025-07-29,Chipotle Mexican Grill,-421.46
2025-10-26,Uber Ride,-354.08
2026-03-19,Whole Foods Market,-243.07
2026-05-23,Internet Service,-7.69
2026-03-13,Gym Membership,-398.18
2025-07-06,Internet Service,-87.11
2026-03-17,Apple iTunes,-177.24
2025-09-09,Payroll Direct Deposit,4894.81
2026-02-10,Uber Ride,-301.63
2026-03-03,Grocery Store,-371.24
2025-12-22,Software Subscription,-399.35
2026-03-17,Gas Station,-40.54
2026-02-27,Amazon Purchase,-103.66
2025-08-31,Spotify Premium,-301.44
2026-01-09,Doctor Visit Copay,-89.18
2026-05-31,Parking Fee,-493.72
2025-07-22,Gas Station,-66.19
2026-05-03,Apple iTunes,-253.98
2026-01-20,Whole Foods Market,-488.09
2025-09-12,Grocery Store,-82.87
2025-12-12,Gym Membership,-63.83
2026-04-19,CVS Pharmacy,-276.17
2025-12-15,Uber Ride,-395.25
2025-12-02,Restaurant Dinner,-377.77
2025-11-24,Restaurant Dinner,-23.82
2025-07-26,Spotify Premium,-276.4
2025-07-18,Netflix Subscription,-48.15
2025-09-04,Insurance Premium,-402.73
2025-08-25,Walmart Supercenter,-367.89
2026-02-07,Chipotle Mexican Grill,-258.19
2026-04-23,Insurance Premium,-318.4
2025-09-02,Gym Membership,-129.16
2025-07-27,Shell Gas Station,-398.78
2025-09-14,CVS Pharmacy,-127.75
2025-09-08,Starbucks Coffee,-183.47
2025-10-28,Parking Fee,-387.79
2026-04-27,Whole Foods Market,-85.63
2026-01-29,CVS Pharmacy,-165.08
2026-05-05,Shell Gas Station,-335.58
2026-01-31,Electric Bill,-84.47
2026-04-01,Whole Foods Market,-447.93
2026-03-09,Spotify Premium,-61.07
2026-02-13,Shell Gas Station,-423.83
2025-11-12,Shell Gas Station,-392.75
2026-02-26,Starbucks Coffee,-258.17
2025-11-13,Hotel Stay,-416.65
2025-12-20,Gym Membership,-470.17
2025-11-18,Insurance Premium,-151.03
2026-03-18,Payroll Direct Deposit,6753.28
2026-02-01,Home Depot,-24.87
2026-02-06,Grocery Store,-285.96
2026-03-04,Gas Station,-442.4
2025-07-10,CVS Pharmacy,-413.63
2026-04-12,Grocery Store,-47.79
2025-11-15,Walmart Supercenter,-43.67
2026-02-15,Starbucks Coffee,-411.13
2026-02-03,Electric Bill,-327.54
2026-01-04,Electric Bill,-348.19
2026-05-03,Payroll Direct Deposit,6097.15
2025-08-04,Dental Cleaning,-42.37
2025-07-05,Gym Membership,-179.72
2026-04-05,Hotel Stay,-375.84
2026-05-14,Target Store,-189.34
2025-12-15,Apple iTunes,-198.98
2026-05-04,Amazon Purchase,-72.88
2025-07-11,Grocery Store,-39.94
2026-05-27,Amazon Purchase,-305.73
2025-08-08,Payroll Direct Deposit,4464.75
2026-01-20,Amazon Purchase,-365.38
2025-10-04,Flight Booking,-484.32
2025-07-26,Spotify Premium,-369.85
2025-08-05,Electric Bill,-230.8
2026-03-12,Target Store,-465.88
2025-11-25,Gas Station,-47.65
2025-09-23,Gym Membership,-172.09
2026-04-22,Spotify Premium,-22.54
2026-03-22,Uber Ride,-304.44
2025-12-22,Insurance Premium,-358.12
2025-12-30,Netflix Subscription,-342.07
2025-12-07,Doctor Visit Copay,-151.8
2025-12-14,Restaurant Dinner,-184.86
2026-01-07,Rent Payment,-2570.14
2026-05-26,Amazon Purchase,-31.48
2025-08-04,Uber Ride,-214.94
2025-09-30,Hotel Stay,-193.83
2026-01-17,Shell Gas Station,-236.47
2025-10-15,Rent Payment,-1512.96
2026-01-23,Netflix Subscription,-243.24
2026-04-19,Parking Fee,-476.38
2026-04-22,Spotify Premium,-466.18
2025-12-25,Starbucks Coffee,-353.1
2025-10-04,Home Depot,-159.2
2026-05-16,Uber Ride,-360.08
2025-07-24,Restaurant Dinner,-496.35
2026-02-23,Payroll Direct Deposit,7257.48
2025-11-29,Hotel Stay,-268.12
2025-12-23,Internet Service,-72.04
2026-04-09,Home Depot,-434.83
2025-09-17,Chipotle Mexican Grill,-242.9
2025-07-10,Chipotle Mexican Grill,-400.55
2026-01-18,Software Subscription,-410.73
2025-12-22,Spotify Premium,-218.58
2026-03-03,Grocery Store,-382.04
2025-10-06,Home Depot,-460.78
2025-11-10,CVS Pharmacy,-281.31
2026-04-18,Gym Membership,-452.47
2026-03-09,Internet Service,-472.21
2025-12-24,CVS Pharmacy,-466.82
2026-02-17,Netflix Subscription,-492.48
2026-02-05,Doctor Visit Copay,-41.7
2026-02-07,Chipotle Mexican Grill,-201.54
2025-08-29,Whole Foods Market,-177.81
2026-05-24,Doctor Visit Copay,-353.56
2026-03-24,CVS Pharmacy,-453.79
2026-04-10,Apple iTunes,-260.79
2026-02-03,Spotify Premium,-290.18
2025-11-14,Internet Service,-336.85
2026-05-02,Parking Fee,-284.86
2026-04-16,Target Store,-232.33
2026-02-15,Netflix Subscription,-115.91
2026-01-29,Grocery Store,-7.67
2026-05-03,Doctor Visit Copay,-338.99
2026-04-18,Internet Service,-417.86
2025-10-27,Software Subscription,-295.84
2025-08-04,Netflix Subscription,-67.4
2026-03-15,Target Store,-197.98
2025-10-09,Rent Payment,-1283.86
2026-04-19,CVS Pharmacy,-464.04
2025-11-08,Netflix Subscription,-284.2
2026-05-18,Walmart Supercenter,-481.31
2025-11-25,Apple iTunes,-365.08
2025-09-23,Whole Foods Market,-455.07
2026-04-14,Restaurant Dinner,-139.72
2025-10-11,Payroll Direct Deposit,3343.58
2025-10-17,Payroll Direct Deposit,3713.27
2025-12-19,Apple iTunes,-468.63
2026-05-02,Netflix Subscription,-347.95
2026-01-31,Whole Foods Market,-466.7
2025-07-27,Uber Ride,-327.97
2025-12-24,Doctor Visit Copay,-212.23
2026-04-19,Spotify Premium,-87.18
2026-02-05,Restaurant Dinner,-269.11
2026-02-10,Electric Bill,-377.09
2026-04-03,Walmart Supercenter,-33.04
2026-01-23,Apple iTunes,-157.86
2025-12-24,Payroll Direct Deposit,5558.22
2026-04-02,Shell Gas Station,-230.81
2026-01-29,Walmart Supercenter,-65.18
2026-04-06,Home Depot,-310.87
2025-11-03,CVS Pharmacy,-116.94
2026-03-01,Payroll Direct Deposit,6637.62
2025-10-01,Rent Payment,-1891.36
2025-07-31,Uber Ride,-308.22
2025-11-29,Restaurant Dinner,-188.4
2025-07-10,Parking Fee,-263.27
2025-11-14,Rent Payment,-2805.4
2025-12-14,Apple iTunes,-453.62
2026-05-12,Software Subscription,-336.51
2025-12-22,Electric Bill,-499.86
2025-09-13,CVS Pharmacy,-398.21
2025-09-26,Gas Station,-313.13
2026-02-26,Home Depot,-403.56
2026-05-02,Dental Cleaning,-159.51
2025-12-07,Chipotle Mexican Grill,-409.8
2025-08-07,Insurance Premium,-407.4
2026-04-08,Spotify Premium,-214.35
2026-05-29,Chipotle Mexican Grill,-107.37
2025-11-22,Uber Ride,-450.22
2025-07-08,Hotel Stay,-149.82
2026-03-07,Gas Station,-181.49
2026-01-02,Apple iTunes,-430.01
2025-09-10,Electric Bill,-224.42
2025-12-16,Netflix Subscription,-390.48
2026-05-19,Walmart Supercenter,-155.21
2025-12-06,CVS Pharmacy,-18.64
2026-03-13,Grocery Store,-115.08
2025-09-22,Apple iTunes,-359.27
2026-05-25,CVS Pharmacy,-352.7
2025-11-04,Amazon Purchase,-146.72
2026-01-03,Doctor Visit Copay,-196.71
2026-03-25,Software Subscription,-38.44
2025-10-15,Shell Gas Station,-226.37
2025-12-12,Chipotle Mexican Grill,-229.39
2026-01-03,Spotify Premium,-446.8
2025-11-08,Software Subscription,-249.68
2025-09-06,Parking Fee,-273.84
2025-10-29,Grocery Store,-191.99
2025-11-05,Doctor Visit Copay,-209.84
2025-09-23,Chipotle Mexican Grill,-58.9
2025-09-22,Parking Fee,-355.1
2025-09-28,Internet Service,-326.83
2025-12-14,Insurance Premium,-153.53
2025-07-28,Gym Membership,-39.05
2025-12-16,Home Depot,-67.63
2025-12-10,Electric Bill,-159.86
2025-11-06,Walmart Supercenter,-9.45
2026-01-09,Gas Station,-186.89
2026-01-26,Grocery Store,-181.76
2025-12-30,Apple iTunes,-194.84
2025-07-02,Internet Service,-482.98
2025-12-06,Insurance Premium,-387.86
2026-02-04,Internet Service,-83.59
2025-08-26,Netflix Subscription,-255.75
2025-12-31,Amazon Purchase,-493.12
2026-03-07,Electric Bill,-122.72
2026-03-12,Gas Station,-424.35
2026-01-26,Parking Fee,-448.79
2025-11-21,Dental Cleaning,-302.75
2025-09-13,Walmart Supercenter,-474.68
2025-12-30,Restaurant Dinner,-428.03
2026-02-18,Flight Booking,-410.78
2026-02-17,Flight Booking,-388.96
2025-09-11,Shell Gas Station,-210.19
2025-07-01,Apple iTunes,-254.01
2026-03-11,Parking Fee,-137.17
2026-01-10,Parking Fee,-316.24
2025-10-14,Shell Gas Station,-103.32
2026-05-29,Doctor Visit Copay,-467.38
2026-04-19,Parking Fee,-139.61
2026-02-16,Uber Ride,-393.43
2026-05-23,Software Subscription,-292.81
2025-09-20,Starbucks Coffee,-437.27
2025-09-06,Spotify Premium,-324.57
2025-11-05,Walmart Supercenter,-230.21
2025-08-30,Restaurant Dinner,-457.98
2025-07-23,Electric Bill,-293.56
2025-12-03,Netflix Subscription,-61.84
2025-10-13,Uber Ride,-496.61
2026-04-26,Home Depot,-219.15
2026-03-23,Starbucks Coffee,-478.99
2026-02-22,Payroll Direct Deposit,7840.19
2026-02-21,Flight Booking,-110.15
2026-03-25,Payroll Direct Deposit,3063.98
2026-02-12,Amazon Purchase,-185.09
2025-08-07,Shell Gas Station,-101.15
2026-04-13,Internet Service,-147.38
2025-10-11,Electric Bill,-348.01
2025-10-26,Doctor Visit Copay,-221.31
2025-08-13,Chipotle Mexican Grill,-390.43
2026-01-20,Rent Payment,-2642.16
2026-02-23,Chipotle Mexican Grill,-466.55
2025-09-07,Apple iTunes,-427.78
2026-03-14,Netflix Subscription,-134.48
2026-05-06,Hotel Stay,-168.77
2026-03-16,CVS Pharmacy,-198.14
2025-07-22,Payroll Direct Deposit,7768.32
2025-12-11,Gas Station,-116.25
2026-01-18,Whole Foods Market,-100.43
2025-08-18,Software Subscription,-255.97
2025-09-30,Insurance Premium,-472.09
2026-04-19,Hotel Stay,-439.62
2025-07-24,Hotel Stay,-99.69
2025-11-16,Flight Booking,-349.3
2026-04-23,Spotify Premium,-238.33
2026-02-13,Internet Service,-80.63
2026-02-03,Gym Membership,-390.32
2026-02-23,Chipotle Mexican Grill,-103.88
2025-07-14,Amazon Purchase,-309.97
2026-04-10,Restaurant Dinner,-255.15
2025-09-03,Shell Gas Station,-225.6
2025-11-04,Whole Foods Market,-72.23
2026-02-09,Home Depot,-499.73
2026-01-16,Gas Station,-398.41
2026-05-23,Gym Membership,-128.58
2025-10-12,Hotel Stay,-288.02
2026-01-11,Chipotle Mexican Grill,-279.21
2025-12-25,Hotel Stay,-173.09
2026-04-03,Restaurant Dinner,-135.26
2025-09-10,Shell Gas Station,-345.42
2026-03-22,Spotify Premium,-310.52
2025-12-10,Internet Service,-360.17
2026-05-20,Apple iTunes,-294.68
2025-09-26,Flight Booking,-122.05
2025-09-05,Electric Bill,-109.96
2026-02-20,Electric Bill,-159.17
2026-03-18,Starbucks Coffee,-258.8
2025-09-27,Doctor Visit Copay,-215.12
2025-09-14,Amazon Purchase,-281.98
2026-02-02,Home Depot,-411.09
2026-02-16,Restaurant Dinner,-361.14
2026-03-22,Target Store,-460.72
2026-04-02,Chipotle Mexican Grill,-373.64
2026-04-14,Grocery Store,-96.84
2026-03-01,Rent Payment,-2577.22
2025-11-02,Hotel Stay,-205.08
2025-10-07,Whole Foods Market,-311.77
2026-05-02,Software Subscription,-337.15
2026-03-28,Target Store,-260.77
2025-10-19,Software Subscription,-197.29
2026-03-09,Electric Bill,-362.57
2026-03-13,Restaurant Dinner,-46.36
2026-03-01,Apple iTunes,-110.66
2025-12-02,Electric Bill,-227.74
2026-01-14,Starbucks Coffee,-53.44
2025-12-05,Gas Station,-92.54
2026-05-17,Grocery Store,-116.33
2025-10-27,Spotify Premium,-106.95
2025-11-15,Chipotle Mexican Grill,-186.54
2025-12-30,Restaurant Dinner,-141.73
2026-03-11,Payroll Direct Deposit,4401.9
2026-04-05,Restaurant Dinner,-199.39
2026-03-16,Dental Cleaning,-266.26
2026-05-25,CVS Pharmacy,-47.84
2026-04-05,Uber Ride,-8.14
2026-01-28,Internet Service,-495.59
2026-05-13,Parking Fee,-271.56
2025-10-17,Target Store,-336.7
2026-03-05,Hotel Stay,-137.45
2025-09-07,Insurance Premium,-325.76
2025-09-12,Home Depot,-293.69
2025-07-11,Gym Membership,-352.25
2025-12-28,Insurance Premium,-466.91
2025-08-24,Chipotle Mexican Grill,-284.62
2026-03-06,Walmart Supercenter,-423.04
2026-02-01,Whole Foods Market,-296.22
2026-02-12,Home Depot,-79.46
2026-04-16,Dental Cleaning,-436.63
2026-03-16,Rent Payment,-1581.34
2025-11-14,Doctor Visit Copay,-477.66
2026-05-31,Starbucks Coffee,-45.85
2025-08-22,Uber Ride,-434.74
2025-09-20,CVS Pharmacy,-162.32
2025-08-30,Hotel Stay,-27.39
2026-04-02,Uber Ride,-30.39
2025-11-26,Electric Bill,-452.26
2025-07-01,Amazon Purchase,-114.09
2026-02-21,Doctor Visit Copay,-250.9
2025-11-22,Spotify Premium,-13.67
2026-04-01,Parking Fee,-486.01
2026-01-23,Insurance Premium,-466.56
2025-12-23,Software Subscription,-464.35
2025-07-16,Starbucks Coffee,-471.96
2025-08-26,Electric Bill,-181.8
2026-03-13,Hotel Stay,-432.47
2025-09-21,Gas Station,-491.96
2025-09-06,Insurance Premium,-402.4
2026-04-09,Restaurant Dinner,-84.51
2025-09-01,Internet Service,-50.62
2026-05-29,Doctor Visit Copay,-385.52
2026-03-28,Target Store,-276.62
2026-02-05,Dental Cleaning,-295.09
2025-07-05,Payroll Direct Deposit,5999.94
2025-11-10,CVS Pharmacy,-207.82
2026-01-09,Chipotle Mexican Grill,-499.11
2026-03-28,Home Depot,-301.66
2026-02-10,Gas Station,-462.97
2026-03-18,Whole Foods Market,-248.36
2025-11-05,Uber Ride,-115.3
2025-12-20,Parking Fee,-356.98
2025-07-17,Flight Booking,-354.88
2026-01-26,Shell Gas Station,-95.61
2025-08-21,Grocery Store,-273.28
2026-05-10,Doctor Visit Copay,-128.14
2026-01-08,Uber Ride,-273.5
2026-04-19,Apple iTunes,-261.9
2025-09-28,Doctor Visit Copay,-242.2
2025-11-20,Insurance Premium,-209.28
2026-03-06,Whole Foods Market,-42.32
2025-07-07,Payroll Direct Deposit,5535.11
2025-07-17,Dental Cleaning,-9.54
2026-04-20,Grocery Store,-277.47
2025-11-11,Grocery Store,-396.01
2026-01-18,Spotify Premium,-182.5
2026-05-09,Grocery Store,-70.26
2025-11-09,Software Subscription,-178.68
2025-11-07,Payroll Direct Deposit,3769.68
2025-07-21,Electric Bill,-97.78
2025-07-12,Insurance Premium,-296.23
2025-12-10,Payroll Direct Deposit,5878.16
2025-11-23,Doctor Visit Copay,-103.69
2026-02-15,Starbucks Coffee,-88.66
2025-10-08,CVS Pharmacy,-360.19
2025-10-18,Amazon Purchase,-147.1
2025-09-13,Grocery Store,-251.89
2026-03-29,Restaurant Dinner,-105.66
2025-10-03,Parking Fee,-62.05
2026-03-18,Flight Booking,-377.51
2025-09-26,Electric Bill,-292.23
2025-08-24,Netflix Subscription,-257.93
2026-01-20,Walmart Supercenter,-201.77
2025-09-15,Amazon Purchase,-48.43
2026-03-23,Restaurant Dinner,-118.7
2026-05-01,CVS Pharmacy,-199.15
2025-11-06,Starbucks Coffee,-449.39
2025-12-15,Amazon Purchase,-113.35
2025-10-27,Spotify Premium,-233.61
2026-01-17,Spotify Premium,-249.11
2026-02-09,Doctor Visit Copay,-394.98
2026-01-05,Starbucks Coffee,-242.41
2026-01-31,Whole Foods Market,-271.59
2026-05-27,Dental Cleaning,-300.45
2026-03-16,CVS Pharmacy,-123.3
2026-05-26,Whole Foods Market,-322.62
2025-10-12,Starbucks Coffee,-16.82
2025-11-20,Restaurant Dinner,-498.3
2025-12-14,Doctor Visit Copay,-213.08
2026-01-23,Spotify Premium,-98.31
2025-07-17,Whole Foods Market,-416.44
2025-11-04,Starbucks Coffee,-371.89
2026-03-12,Home Depot,-306.79
2025-10-06,Netflix Subscription,-429.87
2026-01-17,Spotify Premium,-384.7
2025-10-16,Apple iTunes,-24.08
2026-04-25,Software Subscription,-190.76
2026-05-07,Spotify Premium,-190.56
2026-04-08,Shell Gas Station,-432.08
2025-09-29,Target Store,-276.92
2026-03-23,Starbucks Coffee,-391
2026-03-10,Payroll Direct Deposit,3985.6
2026-05-07,Internet Service,-147.87
2026-05-17,Electric Bill,-12.88
2026-01-01,Insurance Premium,-72.63
2025-07-31,Doctor Visit Copay,-50.36
2025-11-04,Doctor Visit Copay,-277.71
2026-02-06,Parking Fee,-485.27
2026-01-30,Netflix Subscription,-75.1
2025-11-24,Target Store,-135.22
2025-12-30,Whole Foods Market,-132.15
2026-01-11,Gym Membership,-76.1
2026-01-25,Payroll Direct Deposit,7233.6
2025-12-20,Home Depot,-409.42
2025-10-18,Shell Gas Station,-359.59
2026-03-06,Target Store,-125.06
2026-01-21,Netflix Subscription,-227.15
2025-08-18,Amazon Purchase,-158.59
2025-08-05,Apple iTunes,-117.35
2025-09-05,Flight Booking,-96.5
2026-04-23,Flight Booking,-148.4
2026-05-09,Grocery Store,-263.26
2026-04-07,Spotify Premium,-405.44
2026-01-31,Spotify Premium,-144.68
2025-07-22,Rent Payment,-2328.77
2026-05-14,Spotify Premium,-153.17
2026-05-11,Uber Ride,-179.66
2025-10-22,Chipotle Mexican Grill,-481.93
2026-05-19,Home Depot,-231.58
2026-03-08,Hotel Stay,-433.38
2025-08-22,Spotify Premium,-42.07
2026-01-02,CVS Pharmacy,-209.82
2026-02-27,Chipotle Mexican Grill,-25.68
2025-11-20,Doctor Visit Copay,-176.01
2026-03-26,Grocery Store,-220.19
2026-02-25,Shell Gas Station,-332.83
2025-09-05,Starbucks Coffee,-45.81
2025-12-21,Dental Cleaning,-60.35
2026-04-22,Walmart Supercenter,-367.12
2026-03-08,CVS Pharmacy,-461.81
2026-01-14,Electric Bill,-129.98
2025-07-17,Home Depot,-173.77
2025-12-08,Doctor Visit Copay,-422.25
2025-09-04,Uber Ride,-26.52
2025-08-21,Netflix Subscription,-174.39
2025-08-25,Electric Bill,-215.95
2025-10-12,Flight Booking,-28.49
2026-05-27,CVS Pharmacy,-208.59
2026-01-05,Doctor Visit Copay,-13.65
2025-11-10,Insurance Premium,-324.81
2026-04-11,Chipotle Mexican Grill,-255.81
2026-05-06,Uber Ride,-64.8
2026-04-06,Starbucks Coffee,-402.49
2026-02-18,Payroll Direct Deposit,3032.8
2026-01-30,Payroll Direct Deposit,5987.22
2025-10-19,Whole Foods Market,-393.94
2026-05-01,Walmart Supercenter,-254.14
2025-08-23,Apple iTunes,-184.49
2025-09-05,Apple iTunes,-350.22
2025-12-29,Doctor Visit Copay,-320.3
2025-08-07,Hotel Stay,-239.9
2025-12-20,Gas Station,-43.52
2026-05-22,Rent Payment,-2618.93
2025-10-24,Hotel Stay,-491.93
2025-09-24,Chipotle Mexican Grill,-439.32
2025-08-10,Whole Foods Market,-139.47
2026-05-19,CVS Pharmacy,-59.87
2026-03-19,Parking Fee,-44.29
2026-05-17,Whole Foods Market,-388.4
2026-02-15,Starbucks Coffee,-499.18
2025-10-26,Payroll Direct Deposit,3959.5
2025-09-07,Rent Payment,-2486.13
2026-03-27,Netflix Subscription,-54.66
2025-12-22,Apple iTunes,-399.19
2025-08-28,Amazon Purchase,-226.87
2026-05-08,Whole Foods Market,-484.37
2025-11-09,Whole Foods Market,-44.3
2026-01-20,Target Store,-192.18
2025-10-05,Uber Ride,-52.93
2025-09-12,Uber Ride,-279.38
2026-04-07,Uber Ride,-163.89
2026-01-06,Dental Cleaning,-287.03
2025-09-28,Whole Foods Market,-377.06
2026-05-12,Grocery Store,-240.03
2025-11-05,Payroll Direct Deposit,7009.86
2025-07-16,CVS Pharmacy,-336.62
2025-12-26,Restaurant Dinner,-454.66
2026-03-09,Shell Gas Station,-36.17
2026-03-27,Home Depot,-187.08
2026-05-19,Spotify Premium,-333.27
2025-07-15,Target Store,-58.27
2025-08-22,Uber Ride,-235.21
2026-05-25,Apple iTunes,-366.08
2025-12-09,Electric Bill,-251.61
2025-07-11,Flight Booking,-463.87
2026-01-09,Internet Service,-378.26
2025-12-14,Restaurant Dinner,-273.51
2026-02-10,Apple iTunes,-274.84
2026-05-09,Amazon Purchase,-232.7
2026-05-04,Home Depot,-39.58
2025-12-15,Whole Foods Market,-485.79
2025-08-21,Spotify Premium,-233.79
2025-10-11,Starbucks Coffee,-177.25
2025-08-12,Rent Payment,-2646.71
2025-08-11,Payroll Direct Deposit,5885.45
2025-11-01,Electric Bill,-423.77
2026-04-13,Spotify Premium,-409.42
2026-01-13,Netflix Subscription,-108.04
2025-12-17,Gym Membership,-394.3
2025-10-24,Grocery Store,-94.49
2026-03-03,Starbucks Coffee,-84.2
2025-09-09,Starbucks Coffee,-372.53
2025-10-16,Gym Membership,-442.5
2025-10-02,Software Subscription,-184.85
2025-10-24,Netflix Subscription,-92.64
2026-02-12,Grocery Store,-100.7
2026-04-20,Gym Membership,-131.47
2026-02-24,Electric Bill,-301.32
2025-11-21,Flight Booking,-249.69
2025-07-29,Hotel Stay,-22.72
2025-10-23,Spotify Premium,-307.36
2025-10-02,Shell Gas Station,-444.31
2026-02-24,Internet Service,-149.33
2025-08-28,Amazon Purchase,-412.19
2025-10-11,Home Depot,-231.9
2026-03-18,Gas Station,-196.42
2026-03-04,Parking Fee,-486.73
2025-07-15,Netflix Subscription,-95.78
2025-07-12,Insurance Premium,-153.62
2025-12-30,Rent Payment,-1398.16
2025-11-04,Starbucks Coffee,-359.64
2025-09-14,Electric Bill,-251.59
2026-05-04,Rent Payment,-2750.66
2026-03-30,Home Depot,-308.65
2025-12-19,Restaurant Dinner,-299.35
2026-04-16,Apple iTunes,-248.95
2025-10-18,Gas Station,-358.04
2025-08-16,Amazon Purchase,-144.93
2026-03-09,Netflix Subscription,-493.58
2026-03-05,Internet Service,-38.55
2026-04-22,Apple iTunes,-348.05
2026-03-15,Doctor Visit Copay,-56.32
2026-02-21,Starbucks Coffee,-298.7
2026-03-11,Apple iTunes,-382.22
2025-09-29,Insurance Premium,-464.55
2025-09-04,Target Store,-282.87
2025-09-01,Internet Service,-36.46
2026-02-09,Hotel Stay,-445.61
2025-09-15,Apple iTunes,-355.61
2025-07-07,Rent Payment,-1351.97
2026-05-10,Gas Station,-127.25
2026-02-20,Uber Ride,-87.77
2026-05-16,Internet Service,-350.78
2026-03-06,Spotify Premium,-110.98
2026-05-09,Netflix Subscription,-10.31
2026-05-07,Internet Service,-429.9
2025-09-16,Netflix Subscription,-267.87
2026-05-29,Software Subscription,-353.32
2025-07-24,Doctor Visit Copay,-373.6
2025-10-03,Amazon Purchase,-146.52
2026-03-25,Hotel Stay,-229.25
2025-09-16,Target Store,-169.96
2025-08-07,Whole Foods Market,-491.15
2025-09-21,Rent Payment,-2795.48
2025-07-19,CVS Pharmacy,-207.78
2025-07-02,Netflix Subscription,-442.8
2026-05-19,Target Store,-416.65
2025-11-21,Target Store,-329.16
2025-07-07,Amazon Purchase,-455.71
2025-10-15,Parking Fee,-397.6
2025-08-15,Parking Fee,-360.31
2025-11-23,Electric Bill,-103.71
2026-01-02,Home Depot,-390.97
2026-04-24,Hotel Stay,-487.33
2026-05-04,Walmart Supercenter,-275.47
2026-02-03,Uber Ride,-152.19
2025-10-09,Uber Ride,-146.62
2025-12-24,Parking Fee,-95.53
2025-08-07,Dental Cleaning,-416.76
2026-04-04,CVS Pharmacy,-477.57
2025-11-05,Amazon Purchase,-122.81
2025-09-02,Flight Booking,-475.82
2025-12-19,Shell Gas Station,-321.83
2026-02-13,Netflix Subscription,-441.5
2026-05-16,Parking Fee,-373.44
2026-03-13,Spotify Premium,-273.28
2025-08-02,Payroll Direct Deposit,3401.06
2026-05-04,Netflix Subscription,-218.78
2026-04-11,Dental Cleaning,-444.7
2025-07-11,CVS Pharmacy,-327.14
2026-03-30,Gas Station,-445.82
2026-02-06,Internet Service,-380.01
2025-08-12,Payroll Direct Deposit,5565.52
2026-04-11,Home Depot,-161.57
2025-10-10,Shell Gas Station,-365.68
2025-11-09,Flight Booking,-239.98
2025-08-18,Starbucks Coffee,-418.65
2026-05-15,Restaurant Dinner,-272.01
2025-08-26,Walmart Supercenter,-179.55
2025-08-29,Internet Service,-443.55
2026-03-19,Gas Station,-371.07
2026-01-03,Electric Bill,-9.33
2026-01-24,CVS Pharmacy,-198.26
2025-08-19,Payroll Direct Deposit,4856.88
2026-04-21,Starbucks Coffee,-90.48
2025-10-02,Target Store,-140.69
2025-07-25,Gas Station,-236.19
2026-05-04,Walmart Supercenter,-465.54
2026-01-07,Flight Booking,-204.79
2026-03-17,Payroll Direct Deposit,4757.46
2025-07-05,Shell Gas Station,-473.53
2026-05-20,Target Store,-220.46
2025-07-25,Parking Fee,-326.89
2026-04-13,Restaurant Dinner,-362.34
2026-04-07,Netflix Subscription,-155.61
2026-01-29,Software Subscription,-260.6
2026-03-27,Software Subscription,-21.35
2026-04-03,Doctor Visit Copay,-383.13
2026-02-07,Uber Ride,-27.49
2026-04-25,Uber Ride,-322.25
2025-07-08,Gym Membership,-499.67
2025-09-07,Grocery Store,-381.22
2026-05-25,Restaurant Dinner,-34.57
2026-03-02,Doctor Visit Copay,-110.53
2025-08-11,Restaurant Dinner,-479.08
2025-07-11,Electric Bill,-318.48
2026-05-18,Payroll Direct Deposit,5932.25
2026-01-04,Dental Cleaning,-486.11
2026-02-12,Target Store,-413.85
2025-11-15,Netflix Subscription,-400.97
2026-01-31,Home Depot,-308.17
2026-03-03,Software Subscription,-79.5
2026-01-12,Uber Ride,-191.78
2025-07-25,Rent Payment,-2543.06
2026-02-14,Amazon Purchase,-17.68
2026-05-27,Payroll Direct Deposit,7847.44
2025-12-10,Hotel Stay,-172.96
2025-10-16,Apple iTunes,-60.32
2025-11-21,Whole Foods Market,-413.97
2025-10-13,Netflix Subscription,-302
2025-09-28,Software Subscription,-448.65
2026-03-05,Flight Booking,-249.77
2026-05-15,Starbucks Coffee,-481.94
2025-12-31,Hotel Stay,-132.85
2026-04-03,Internet Service,-163.21
2026-04-18,Grocery Store,-125.11
2025-11-29,Doctor Visit Copay,-445.73
2026-03-04,Electric Bill,-344.07
2026-01-30,Hotel Stay,-306.23
2025-07-23,Gym Membership,-378.46
2026-04-05,Doctor Visit Copay,-313.7
2025-08-29,Dental Cleaning,-68.99
2025-11-21,Dental Cleaning,-421.25
2026-01-10,Doctor Visit Copay,-468.72
2025-12-21,Doctor Visit Copay,-393.38
2026-04-20,Flight Booking,-72.4
2025-09-17,Doctor Visit Copay,-169.16
2025-07-20,Whole Foods Market,-103.77
2026-02-09,Electric Bill,-430.5
2025-07-13,Grocery Store,-111.06
2025-12-17,Doctor Visit Copay,-65.73
2026-01-08,Shell Gas Station,-63.26
2026-02-09,Shell Gas Station,-320.53
2025-08-21,Uber Ride,-299.9
2025-11-18,Flight Booking,-271.36
2025-11-03,CVS Pharmacy,-114.04
2025-12-04,Parking Fee,-134.82
2025-08-17,Whole Foods Market,-87.35
2025-11-22,Rent Payment,-1528.53
2026-02-06,Internet Service,-84.01
2026-01-18,Rent Payment,-2998.09
2025-07-15,Home Depot,-40.11
2025-10-10,Internet Service,-192.63
2026-03-13,Starbucks Coffee,-210.6
2025-07-05,Restaurant Dinner,-93.6
2026-02-24,Apple iTunes,-378.59
2025-08-28,Software Subscription,-455.41
2025-10-11,Starbucks Coffee,-364.11
2026-01-31,Grocery Store,-419.67
2025-07-12,Amazon Purchase,-98.27
2025-07-12,Doctor Visit Copay,-468.87
2025-07-29,Hotel Stay,-257.45
2025-11-30,Target Store,-319.1
2025-09-26,Payroll Direct Deposit,3099.87
2026-04-19,Chipotle Mexican Grill,-416.8
2026-01-03,Software Subscription,-59.33
2025-09-21,Gym Membership,-100.19
2025-08-15,Software Subscription,-464.98
2025-07-27,Dental Cleaning,-353.04
2025-09-10,Target Store,-281.62
2025-12-29,Rent Payment,-1984.34
2026-01-31,Gas Station,-58.54
2025-09-18,Electric Bill,-433.93
2025-09-13,Software Subscription,-323.77
2025-10-14,Internet Service,-94.31
2025-10-28,Chipotle Mexican Grill,-331.58
2025-09-10,Walmart Supercenter,-446.61
2025-08-26,Dental Cleaning,-287.91
2026-04-03,Chipotle Mexican Grill,-446.62
2026-01-17,Insurance Premium,-124.96
2026-02-04,Shell Gas Station,-24.13
2026-05-07,Uber Ride,-234.35
2026-02-09,Flight Booking,-175.73
2026-03-14,Electric Bill,-19.93
2025-10-04,Flight Booking,-269.84
2025-09-19,Payroll Direct Deposit,3409.47
2025-11-19,Internet Service,-107.49
2026-01-01,Uber Ride,-461.67
2025-08-30,Insurance Premium,-230.92
2026-03-15,Gas Station,-245.98
2026-01-04,Home Depot,-218.9
2026-05-29,Walmart Supercenter,-196.26
2025-07-16,CVS Pharmacy,-201.09
2025-07-02,Flight Booking,-106.91
2025-09-07,Shell Gas Station,-361.82
2026-01-21,Insurance Premium,-130.04
2026-04-07,Payroll Direct Deposit,6254
2026-03-06,Shell Gas Station,-77.35
2025-07-24,Doctor Visit Copay,-26.33
2025-10-18,Uber Ride,-196.74
2026-01-02,Doctor Visit Copay,-382.99
2025-11-24,Apple iTunes,-342.8
2025-12-11,Internet Service,-343.81
2025-08-04,Grocery Store,-43.23
2026-04-02,Dental Cleaning,-85.49
2025-08-23,Payroll Direct Deposit,4870.22
2026-02-14,Target Store,-311.7
2026-03-24,Netflix Subscription,-227.45
2026-05-19,Uber Ride,-278.45
2026-01-07,Home Depot,-439.51
2026-01-17,Amazon Purchase,-86.22
2025-07-28,Rent Payment,-1289.05
2026-01-29,Software Subscription,-99.89
2026-02-24,Amazon Purchase,-64.29
2025-12-03,Doctor Visit Copay,-182.08
2026-03-26,Grocery Store,-291.4
2026-02-28,Home Depot,-353.3
2025-10-31,Shell Gas Station,-485.04
2026-04-18,Target Store,-489.09
2026-01-19,Insurance Premium,-138.43
2025-08-26,Amazon Purchase,-27.57
2026-04-29,Software Subscription,-6.67
2026-01-29,Insurance Premium,-237.65
2025-10-02,Software Subscription,-107.35
2025-12-06,Gas Station,-384.9
2026-03-19,Payroll Direct Deposit,3822.53
2026-05-23,CVS Pharmacy,-455.9
2026-03-14,Netflix Subscription,-160.3
2025-10-05,Spotify Premium,-272.56
2025-07-05,Gym Membership,-393.45
2025-11-13,Internet Service,-20.79
2025-11-17,Gym Membership,-168.81
2025-08-20,Internet Service,-405.78
2025-08-28,Dental Cleaning,-101.59
2026-02-04,Shell Gas Station,-367.81
2026-02-28,Target Store,-254.9
2025-11-27,Starbucks Coffee,-136.61
2026-04-06,Restaurant Dinner,-321.74
2025-11-18,Amazon Purchase,-413.55
2025-11-05,Apple iTunes,-403.92
2025-08-19,Apple iTunes,-193.63
2025-12-22,Gas Station,-254.85
2025-08-24,Whole Foods Market,-19.8
2025-09-29,Target Store,-249.25
2025-10-22,Parking Fee,-188.55
2026-03-19,Amazon Purchase,-394.49
2025-08-26,Uber Ride,-333.22
2026-02-04,Hotel Stay,-314.24
2025-12-14,Chipotle Mexican Grill,-169.02
2025-08-11,Internet Service,-212.76
2025-08-16,Chipotle Mexican Grill,-52.92
2026-02-02,Gas Station,-250.12
2026-02-24,Home Depot,-136.32
2025-09-04,Walmart Supercenter,-375.87
2025-08-30,Hotel Stay,-346.38
2026-04-06,Target Store,-105.5
2025-11-06,Chipotle Mexican Grill,-336.07
2026-03-18,Chipotle Mexican Grill,-454.24
2026-01-08,Target Store,-496.85
2026-02-04,Shell Gas Station,-276.32
2026-03-06,Home Depot,-101.63
2026-04-25,Hotel Stay,-443.95
2026-04-24,Parking Fee,-75.32
2025-08-06,Uber Ride,-212.48
2026-01-03,Apple iTunes,-416.61
2025-12-23,Electric Bill,-160.62
2025-08-22,Internet Service,-469.94
2025-09-22,Rent Payment,-2533.15
2026-01-30,Home Depot,-449.51
2025-09-27,Netflix Subscription,-457.63
2025-12-09,Rent Payment,-2490.74
2026-02-02,Dental Cleaning,-99.55
2025-11-03,Parking Fee,-236.07
2025-12-16,Chipotle Mexican Grill,-260
2025-09-13,Payroll Direct Deposit,4688.33
2025-09-18,Restaurant Dinner,-123.78
2025-11-11,Starbucks Coffee,-153
2025-12-30,Spotify Premium,-223.89
2025-08-08,Rent Payment,-1561.97
2026-02-21,Amazon Purchase,-91.86
2026-01-03,Spotify Premium,-361.18
2026-01-06,Gas Station,-197.7
2026-05-12,Restaurant Dinner,-427.34
2026-02-17,Grocery Store,-353.09
2026-04-22,Payroll Direct Deposit,4719.48
2026-05-29,Uber Ride,-422.28
2025-10-06,Netflix Subscription,-325.18
2025-08-21,Insurance Premium,-261.88
2026-04-25,Software Subscription,-138.3
2026-01-08,Gas Station,-13.83
2026-01-19,Parking Fee,-317
2025-08-27,Parking Fee,-240.56
2026-01-01,CVS Pharmacy,-183.23
2025-08-08,Doctor Visit Copay,-157.37
2025-10-17,Internet Service,-259.93
2026-02-28,Doctor Visit Copay,-173.37
2025-12-10,Rent Payment,-2853.75
2026-01-16,Shell Gas Station,-422.86
2025-07-29,Doctor Visit Copay,-491.15
2025-07-08,Software Subscription,-191.55
2026-01-28,Home Depot,-230.29
2025-09-06,Dental Cleaning,-373.7
2025-08-15,Grocery Store,-329.6
2025-09-01,Electric Bill,-469.75
2025-09-30,Chipotle Mexican Grill,-330.57
2025-12-01,Dental Cleaning,-323.75
2026-04-08,Home Depot,-407.34
2025-08-28,Chipotle Mexican Grill,-58.5
2025-12-28,Uber Ride,-480.24
2026-03-20,Rent Payment,-1931.75
2026-04-17,Software Subscription,-61.05
2025-09-16,Home Depot,-278.85
2026-04-28,Target Store,-248.51
2025-10-02,Walmart Supercenter,-376.18
2025-07-13,Payroll Direct Deposit,5579.57
2025-09-24,Insurance Premium,-376.53
2026-03-05,Hotel Stay,-39.14
2026-03-23,Target Store,-165.84
2026-05-23,Apple iTunes,-17.71
2026-04-07,Dental Cleaning,-208.75
2025-09-01,Gym Membership,-283.95
2025-07-06,Hotel Stay,-460.45
2026-02-08,Gas Station,-303.05
2025-07-12,Walmart Supercenter,-274.05
2025-12-07,Software Subscription,-127.39
2025-12-11,Insurance Premium,-57.8
2026-04-17,Payroll Direct Deposit,3339.18
2025-10-10,Netflix Subscription,-434.85
2026-03-13,Hotel Stay,-216.81
2025-08-22,Target Store,-167.57
2026-02-21,CVS Pharmacy,-264.08
2025-11-05,Insurance Premium,-332.73
2025-07-02,Walmart Supercenter,-292.86
2025-12-21,Grocery Store,-245.61
2025-09-14,Uber Ride,-324.27
2025-10-13,Whole Foods Market,-193.39
2026-02-02,Gym Membership,-184.22
2026-05-25,CVS Pharmacy,-310.81
2026-03-03,Dental Cleaning,-109.58
2025-10-16,Payroll Direct Deposit,7946.34
2025-09-24,Restaurant Dinner,-176.61
2026-01-21,Gas Station,-127.31
2025-12-29,Home Depot,-326.06
2026-01-29,Uber Ride,-29.11
2026-03-16,CVS Pharmacy,-82.17
2025-08-23,Rent Payment,-2422.78
2026-01-07,Netflix Subscription,-278.94
2026-04-26,Uber Ride,-275.22
2025-07-28,Chipotle Mexican Grill,-144.78
2026-03-14,Payroll Direct Deposit,4876.13
2025-12-26,Flight Booking,-431.39
2025-11-08,Chipotle Mexican Grill,-488.59
2026-03-22,CVS Pharmacy,-359.2
2026-01-05,Starbucks Coffee,-330.88
2026-03-04,Target Store,-230.11
2026-04-02,Shell Gas Station,-12.41
2025-12-10,Starbucks Coffee,-209.49
2026-05-27,Uber Ride,-187.3
2025-12-10,Doctor Visit Copay,-333.82
2026-05-21,Grocery Store,-455.57
2026-02-12,Insurance Premium,-341.77
2025-12-10,Uber Ride,-38
2026-05-09,Insurance Premium,-280.16
2025-10-01,Software Subscription,-371.5
2025-12-22,Starbucks Coffee,-485.62
2026-04-22,Dental Cleaning,-173.69
2026-02-11,Gym Membership,-155.43
2026-05-26,Restaurant Dinner,-277.97
2026-04-22,Home Depot,-453.07
2026-03-12,Doctor Visit Copay,-81.97
2026-04-01,Shell Gas Station,-63.52
2025-09-03,Starbucks Coffee,-464.62
2026-03-10,Gym Membership,-115.02
2026-02-17,Whole Foods Market,-284.09
2025-11-04,Insurance Premium,-469.37
2026-05-01,Apple iTunes,-275.8
2025-08-13,Amazon Purchase,-243.43
2025-11-15,Gym Membership,-57.11
2026-02-11,Home Depot,-11.05
2026-05-13,Software Subscription,-464.39
2025-11-22,Uber Ride,-117.78
2026-01-01,Home Depot,-136.37
2025-09-05,Payroll Direct Deposit,3040.64
2025-10-01,Chipotle Mexican Grill,-107.84
2025-08-04,Rent Payment,-2484.82
2026-03-27,Internet Service,-345.71
2026-04-13,Restaurant Dinner,-32.81
2025-10-21,Electric Bill,-27.34
2026-03-29,Walmart Supercenter,-124.98
2025-08-01,Chipotle Mexican Grill,-153.41
2026-02-03,Whole Foods Market,-378.42
2025-12-26,Rent Payment,-2480.69
2025-12-27,Payroll Direct Deposit,7799.65
2025-12-19,Dental Cleaning,-70.66
2025-07-31,Dental Cleaning,-42.04
2025-09-01,Apple iTunes,-145.46
2025-09-29,CVS Pharmacy,-127.88
2026-02-08,CVS Pharmacy,-458.89
2025-09-19,Apple iTunes,-123.29
2026-05-26,Spotify Premium,-324.02
2026-01-10,Electric Bill,-248.24
2025-09-28,Grocery Store,-370.48
2026-05-28,Target Store,-328.9
2025-07-05,Dental Cleaning,-234.88
2025-08-08,Home Depot,-430.91
2026-02-27,Apple iTunes,-230.3
2026-01-05,Chipotle Mexican Grill,-113.5
2025-11-11,Software Subscription,-452.36
2025-11-01,Rent Payment,-2520.66
2026-03-20,Internet Service,-485.41
2025-10-20,Insurance Premium,-482.8
2026-01-03,Amazon Purchase,-389.35
2025-10-01,Restaurant Dinner,-457.23
2025-10-02,Shell Gas Station,-115.07
2025-07-07,Software Subscription,-255.61
2025-09-06,Restaurant Dinner,-162.9
2025-08-24,Whole Foods Market,-348.61
2025-10-16,Gas Station,-421.48
2025-07-13,Target Store,-81.15
2025-08-24,Uber Ride,-451.74
2025-09-24,Electric Bill,-232.44
2025-11-10,CVS Pharmacy,-214.02
2025-09-30,Electric Bill,-415.16
2025-10-29,Whole Foods Market,-195.73
2025-12-28,Grocery Store,-371.02
2025-09-02,Amazon Purchase,-402.73
2026-04-13,Doctor Visit Copay,-149.01
2025-09-24,Payroll Direct Deposit,3052.46
2025-07-07,Amazon Purchase,-411.39
2025-07-26,Chipotle Mexican Grill,-359.05
2025-12-29,Parking Fee,-465.73
2025-10-22,Whole Foods Market,-241.12
2025-12-05,Rent Payment,-2388.14
2026-02-15,Uber Ride,-290.5
2025-08-26,Hotel Stay,-300.31
2025-11-25,Internet Service,-310.95
2026-03-09,Gym Membership,-54.72
2025-08-17,Insurance Premium,-372.05
2025-10-06,Hotel Stay,-209.81
2026-03-14,Dental Cleaning,-497.01
2025-09-23,Insurance Premium,-200.49
2025-07-31,Amazon Purchase,-166.18
2025-12-08,Whole Foods Market,-311.29
2026-05-18,Netflix Subscription,-90
2026-01-10,Uber Ride,-470.79
2026-04-14,Restaurant Dinner,-154.37
2026-05-28,Spotify Premium,-421.11
2026-02-12,Netflix Subscription,-189.11
2026-02-11,Internet Service,-91.47
2026-02-23,Rent Payment,-2698.05
2025-11-24,Restaurant Dinner,-302.7
2025-12-17,Walmart Supercenter,-460.26
2026-03-07,Grocery Store,-189.79
2025-11-19,Insurance Premium,-147.8
2026-05-05,Dental Cleaning,-256.38
2025-12-06,Software Subscription,-282.72
2026-04-10,Home Depot,-378.9
2025-08-11,Starbucks Coffee,-381.32
2025-12-14,Electric Bill,-241.83
2026-02-09,Parking Fee,-280.91
2026-04-11,Dental Cleaning,-47.04
2026-01-17,Flight Booking,-142.55
2025-10-08,Internet Service,-233.05
2026-05-28,Chipotle Mexican Grill,-120.48
2026-01-03,Rent Payment,-2408.68
2025-08-09,Target Store,-15.18
2026-01-15,Dental Cleaning,-462.47
2025-12-15,Gym Membership,-243.85
2025-07-20,Starbucks Coffee,-461.88
2025-08-05,Gas Station,-290.69
2025-08-04,Gas Station,-117.8
2025-09-18,Spotify Premium,-30.84
2025-08-23,Doctor Visit Copay,-441.87
2026-05-14,Spotify Premium,-359.08
2025-10-25,Parking Fee,-455.35
2026-05-21,Chipotle Mexican Grill,-175.65
2025-12-13,Internet Service,-35.04
2025-12-17,Gas Station,-169.55
2025-11-22,Home Depot,-289.66
2026-03-26,Insurance Premium,-110.68
2025-10-06,Rent Payment,-2158.84
2026-05-05,Amazon Purchase,-226.85
2026-03-10,Spotify Premium,-184.06
2025-09-29,Apple iTunes,-447.67
2025-08-16,Uber Ride,-474.62
2026-03-11,Dental Cleaning,-398.06
2025-09-20,Software Subscription,-430.58
2026-05-06,Whole Foods Market,-45.18
2026-04-30,Gas Station,-62.1
2025-11-26,Doctor Visit Copay,-228.33
2025-10-30,Dental Cleaning,-156.92
2025-10-13,Payroll Direct Deposit,3754.91
2025-07-01,Uber Ride,-268.41
2026-01-29,Internet Service,-424.01
2026-04-09,Software Subscription,-150.34
2026-02-25,Shell Gas Station,-79.71
2025-12-19,Grocery Store,-362.68
2025-07-01,Internet Service,-29.16
2025-10-26,Home Depot,-136.78
2026-03-27,Home Depot,-375.97
2025-11-01,CVS Pharmacy,-122.71
2026-02-19,Grocery Store,-265.26
2025-11-26,Apple iTunes,-304.24
2025-07-30,Uber Ride,-383.89
2025-12-23,Parking Fee,-83.38
2026-03-18,Walmart Supercenter,-253.22
2025-07-25,Parking Fee,-465.6
2026-03-11,Insurance Premium,-307.88
2025-11-06,Gym Membership,-232.19
2025-12-24,Grocery Store,-106.09
2026-01-29,Restaurant Dinner,-123.93
2025-10-20,Apple iTunes,-416.64
2025-08-10,Target Store,-231.96
2026-03-31,Walmart Supercenter,-230.58
2026-05-03,Target Store,-295.53
2025-11-08,Insurance Premium,-377.72
2025-10-02,Gas Station,-29.87
2025-10-29,Starbucks Coffee,-77.14
2026-02-15,Electric Bill,-482.31
2025-11-09,Whole Foods Market,-437.63
2025-07-22,Payroll Direct Deposit,3718.66
2026-05-07,Electric Bill,-131.94
2026-01-14,Whole Foods Market,-12.07
2026-02-07,Netflix Subscription,-335.12
2025-07-04,Uber Ride,-400.81
2025-11-12,Shell Gas Station,-466.81
2026-04-26,Walmart Supercenter,-85.77
2025-10-11,Gas Station,-451.86
2025-10-21,Target Store,-269.28
2026-03-31,Whole Foods Market,-376.3
2025-08-29,Parking Fee,-44.95
2026-05-31,Software Subscription,-67.96
2025-08-09,Electric Bill,-312.01
2025-11-15,Gas Station,-119.77
2025-12-08,Home Depot,-106.62
2025-11-02,Restaurant Dinner,-455.89
2026-01-03,Gym Membership,-475.99
2025-07-22,Whole Foods Market,-171.94
2025-12-30,Payroll Direct Deposit,6670.46
2026-04-22,Doctor Visit Copay,-167.57
2025-07-18,Doctor Visit Copay,-438.61
2025-10-26,Electric Bill,-383.94
2026-03-05,Shell Gas Station,-273.79
2026-05-16,Parking Fee,-338.96
2025-12-22,Chipotle Mexican Grill,-77.55
2026-05-23,Starbucks Coffee,-36.92
2026-05-23,Shell Gas Station,-447.7
2025-11-10,Target Store,-450.23
2025-10-11,Rent Payment,-1454.31
2025-08-31,Parking Fee,-391.7
2025-11-18,Gym Membership,-395.49
2025-07-18,Spotify Premium,-197.84
2025-11-07,Shell Gas Station,-176.99
2025-11-08,Apple iTunes,-280.41
2025-08-02,Netflix Subscription,-414.82
2026-05-03,Walmart Supercenter,-191.35
2025-07-25,Electric Bill,-384.5
2025-08-06,Electric Bill,-260.16
2025-12-31,Chipotle Mexican Grill,-35.93
2026-05-29,Shell Gas Station,-307.17
2025-09-21,Chipotle Mexican Grill,-262.96
2025-07-04,Dental Cleaning,-62.4
2025-12-11,Parking Fee,-371.05
2025-12-04,Electric Bill,-386.94
2025-10-03,Spotify Premium,-475.44
2026-04-16,Netflix Subscription,-82.24
2025-09-03,Parking Fee,-443.7
2026-04-30,Insurance Premium,-495.74
2025-09-04,Chipotle Mexican Grill,-115.86
2026-04-11,Internet Service,-288.32
2025-12-20,Amazon Purchase,-415.71
2025-12-26,Home Depot,-250.34
2025-09-18,Uber Ride,-297.62
2026-03-31,Netflix Subscription,-356.01
2026-04-17,Starbucks Coffee,-412.09
2026-04-11,Netflix Subscription,-216.05
2025-08-07,Chipotle Mexican Grill,-394.87
2026-03-12,Grocery Store,-149.32
2025-10-04,Starbucks Coffee,-108.48
2025-09-27,Uber Ride,-322.35
2025-09-07,Parking Fee,-436.75
2026-05-31,Restaurant Dinner,-350.09
2025-12-31,Netflix Subscription,-110.67
2026-02-12,Rent Payment,-2310.98
2026-03-07,Starbucks Coffee,-27.95
2025-10-04,Payroll Direct Deposit,3919.27
2026-03-28,Whole Foods Market,-198.3
2025-11-07,Payroll Direct Deposit,7296.08
2026-02-05,Rent Payment,-2324.16
2025-10-27,Insurance Premium,-402.54
2025-12-29,Software Subscription,-323.73
2025-08-04,Uber Ride,-49.31
2026-04-05,Electric Bill,-94.81
2025-09-05,Netflix Subscription,-227.82
2026-02-13,Spotify Premium,-43.76
2025-10-06,Netflix Subscription,-176.16
2025-07-19,Home Depot,-428.18
2026-03-12,Software Subscription,-155.12
2026-02-12,Doctor Visit Copay,-219.28
2025-12-21,Parking Fee,-481.6
2025-10-20,Uber Ride,-198.31
2025-12-09,Dental Cleaning,-406.89
2026-05-13,CVS Pharmacy,-302.96
2025-07-23,Electric Bill,-141.72
2025-10-28,Rent Payment,-2660.44
2026-02-17,Software Subscription,-431.84
2025-12-17,Walmart Supercenter,-313.38
2025-12-10,Gym Membership,-212.74
2025-07-18,Rent Payment,-1897.37
2026-02-01,Target Store,-277.03
2026-05-03,Target Store,-89.12
2025-12-09,Walmart Supercenter,-452.46
2026-01-21,Doctor Visit Copay,-316.28
2025-12-18,Payroll Direct Deposit,7494.79
2026-01-02,Internet Service,-38.6
2025-07-05,Internet Service,-410.22
2025-08-25,Home Depot,-192.94
2026-01-22,Shell Gas Station,-36.49
2025-08-10,Apple iTunes,-168.49
2025-08-22,Target Store,-157.89
2025-11-03,Starbucks Coffee,-434.4
2026-03-18,Apple iTunes,-382
2026-03-17,Amazon Purchase,-466.62
2025-07-02,Whole Foods Market,-269.25
2025-11-28,Electric Bill,-458.19
2026-01-16,Electric Bill,-188.86
2026-02-06,Home Depot,-476.47
2025-11-26,Target Store,-220.71
2026-03-21,Amazon Purchase,-9.89
2025-08-12,Amazon Purchase,-439.91
2026-02-26,Doctor Visit Copay,-365.23
2025-12-21,Netflix Subscription,-213.52
2025-09-29,Dental Cleaning,-125.73
2026-01-27,Uber Ride,-209.61
2026-01-19,Chipotle Mexican Grill,-272.01
2026-03-11,Home Depot,-404.61
2025-12-14,Gas Station,-130.94
2025-12-05,Apple iTunes,-174.96
2025-08-16,Insurance Premium,-461.98
2026-02-08,CVS Pharmacy,-265.26
2026-01-05,Gas Station,-69.49
2026-03-10,Electric Bill,-193.47
2025-10-12,Doctor Visit Copay,-385.46
2025-11-04,Electric Bill,-471.63
2026-04-19,Parking Fee,-334.07
2026-02-11,Electric Bill,-392.47
2026-05-28,Amazon Purchase,-61.29
2025-11-01,Software Subscription,-252
2025-11-11,Netflix Subscription,-184.41
2025-07-06,Dental Cleaning,-314.77
2026-02-02,Software Subscription,-323.22
2026-05-18,Software Subscription,-352.04
2025-08-04,Flight Booking,-356.95
2026-05-26,Uber Ride,-354.91
2025-07-15,Parking Fee,-301.88
2025-09-28,Dental Cleaning,-324.55
2026-04-22,Parking Fee,-183.58
2026-02-19,Target Store,-476.86
2026-01-29,Payroll Direct Deposit,3900.6
2025-09-24,Gas Station,-159.96
2025-08-19,Payroll Direct Deposit,4135.71
2026-03-15,Spotify Premium,-388.1
2026-01-26,CVS Pharmacy,-302.21
2025-11-23,Grocery Store,-150.79
2025-11-20,Flight Booking,-185.18
2025-12-19,Home Depot,-476.1
2026-05-12,Internet Service,-238.37
2026-04-03,Hotel Stay,-467.6
2026-02-08,Restaurant Dinner,-463.94
2025-11-10,Chipotle Mexican Grill,-78.89
2025-08-18,Grocery Store,-168.03
2026-04-03,Software Subscription,-167.54
2026-02-21,Gym Membership,-40.56
2026-02-20,Doctor Visit Copay,-434.21
2025-09-07,Grocery Store,-232.61
2026-02-21,Rent Payment,-2022.7
2025-10-27,Rent Payment,-2571.71
2025-10-15,Spotify Premium,-84.08
2025-11-21,Chipotle Mexican Grill,-361.14
2025-12-15,Payroll Direct Deposit,5695.96
2026-03-16,Target Store,-323.04
2025-08-29,Gas Station,-275.47
2025-08-30,Amazon Purchase,-183.93
2025-10-14,Internet Service,-425.65
2025-10-25,Payroll Direct Deposit,3917.37
2026-02-12,Internet Service,-40.57
2025-07-26,Restaurant Dinner,-182.95
2025-07-27,Shell Gas Station,-106.63
2025-09-13,Netflix Subscription,-466.01
2025-09-17,Uber Ride,-476.26
2025-08-24,Gas Station,-148.64
2025-08-07,CVS Pharmacy,-285.27
2026-01-11,Walmart Supercenter,-6.05
2026-05-28,Amazon Purchase,-314.84
2025-10-04,Starbucks Coffee,-382.08
2025-07-06,Electric Bill,-404.59
2025-10-11,Grocery Store,-488.4
2025-11-20,Internet Service,-427.17
2025-08-23,Whole Foods Market,-385.15
2026-02-20,Target Store,-180.9
2025-09-30,Internet Service,-383.27
2026-03-08,Walmart Supercenter,-83.59
2026-04-30,Electric Bill,-59.85
2026-01-13,Flight Booking,-47.12
2025-11-10,Starbucks Coffee,-159.95
2026-01-26,Walmart Supercenter,-107.51
2026-03-24,Walmart Supercenter,-14.51
2025-12-03,Flight Booking,-396.49
2026-05-28,Parking Fee,-155.49
2026-05-25,Home Depot,-72.21
2026-02-06,Payroll Direct Deposit,3742.48
2026-02-19,Netflix Subscription,-261.64
2025-09-30,Uber Ride,-433.14
2025-11-22,Payroll Direct Deposit,4847.63
2026-05-11,Restaurant Dinner,-420.53
2026-05-10,Home Depot,-333.31
2026-04-17,Hotel Stay,-175.73
2025-07-31,Shell Gas Station,-251.45
2026-03-16,Flight Booking,-19.16
2026-05-10,Amazon Purchase,-54.01
2025-07-15,Internet Service,-69.7
2025-10-26,Netflix Subscription,-153.17
2025-11-23,Hotel Stay,-245.4
2025-11-13,Chipotle Mexican Grill,-176.81
2026-05-19,CVS Pharmacy,-287.84
2026-01-09,Electric Bill,-301.91
2025-12-14,Spotify Premium,-130.06
2025-11-27,Home Depot,-488.52
2026-02-23,Software Subscription,-85.96
2025-12-05,Flight Booking,-142.54
2026-01-14,Shell Gas Station,-74.58
2025-12-26,Gym Membership,-427.7
2026-04-22,Dental Cleaning,-96.05
2025-11-02,Chipotle Mexican Grill,-188.37
2025-09-11,Parking Fee,-218.16
2025-12-29,Parking Fee,-35.06
2026-02-22,Hotel Stay,-457
2025-12-25,Walmart Supercenter,-383.5
2025-08-22,Apple iTunes,-436.04
2026-05-30,Amazon Purchase,-193.68
2025-07-30,Gas Station,-197.48
2026-05-27,Internet Service,-128.09
2025-08-12,Rent Payment,-2725.64
2025-08-22,Whole Foods Market,-46.84
2026-04-21,Spotify Premium,-391.06
2026-02-02,Shell Gas Station,-376.49
2025-07-05,Restaurant Dinner,-217.82
2025-10-29,Home Depot,-191.57
2025-12-24,Dental Cleaning,-6.38
2026-01-27,Amazon Purchase,-395.42
2026-02-26,Flight Booking,-150.9
2025-12-31,Doctor Visit Copay,-240.56
2026-03-16,Parking Fee,-323.82
2025-07-16,Software Subscription,-380.28
2026-04-01,Grocery Store,-327.9
2026-03-05,Home Depot,-438.64
2025-12-31,Electric Bill,-481.6
2026-05-28,Home Depot,-254.02
2025-12-27,Chipotle Mexican Grill,-478.68
2026-04-07,Electric Bill,-218.45
2025-09-02,Internet Service,-65.99
2026-01-05,Flight Booking,-233.85
2025-10-05,Hotel Stay,-236.47
2026-05-21,Hotel Stay,-288.81
2025-09-08,Spotify Premium,-431.77
2025-12-02,Netflix Subscription,-242.47
2026-04-29,Rent Payment,-2637.47
2025-10-15,Insurance Premium,-416.37
2025-10-25,Chipotle Mexican Grill,-202.02
2026-04-07,Chipotle Mexican Grill,-305.53
2026-04-27,Target Store,-441.27
2025-10-06,Dental Cleaning,-221.69
2025-11-08,Doctor Visit Copay,-486.56
2026-04-02,Shell Gas Station,-16.15
2026-01-31,Shell Gas Station,-312.51
2026-01-17,Insurance Premium,-10.94
2025-08-19,Software Subscription,-39.07
2025-10-28,Target Store,-411.54
2025-08-13,Payroll Direct Deposit,6999.28
2026-04-08,Gas Station,-446.43
2025-11-24,Gas Station,-157.02
2026-03-19,Netflix Subscription,-152.4
2026-05-15,Doctor Visit Copay,-148.84
2025-07-09,Rent Payment,-2903.7
2025-10-31,Payroll Direct Deposit,5409.29
2026-04-14,Target Store,-435.55
2026-02-01,Target Store,-219.15
2025-11-10,Apple iTunes,-417.31
2025-08-18,Electric Bill,-451.78
2026-04-20,CVS Pharmacy,-359.53
2026-05-23,Home Depot,-11.13
2026-05-22,Amazon Purchase,-225.82
2026-03-16,Payroll Direct Deposit,4861.07
2026-02-18,Whole Foods Market,-55.76
2026-04-22,Chipotle Mexican Grill,-260.03
2025-08-23,Flight Booking,-32.48
2025-10-22,Parking Fee,-132.95
2026-01-13,CVS Pharmacy,-406.35
2026-02-23,Rent Payment,-2841.18
2026-04-15,Amazon Purchase,-210.7
2025-12-08,Electric Bill,-38.67
2025-09-02,Home Depot,-353.57
2025-07-24,Gym Membership,-465.29
2026-01-11,Shell Gas Station,-342.64
2025-11-03,Insurance Premium,-74.67
2026-02-20,Chipotle Mexican Grill,-25.6
2025-10-13,CVS Pharmacy,-479.92
2025-08-05,Software Subscription,-109.42
2025-07-20,Insurance Premium,-19.78
2025-08-12,Home Depot,-188.97
2026-01-18,Software Subscription,-370.3
2025-12-14,Shell Gas Station,-241.43
2025-10-10,Amazon Purchase,-183.66
2025-10-01,Uber Ride,-178.31
2026-05-18,Shell Gas Station,-386.95
2025-10-08,Parking Fee,-193.28
2025-09-02,Grocery Store,-296.34
2026-03-29,Electric Bill,-97.24
2025-09-19,Dental Cleaning,-300.72
2025-07-08,Starbucks Coffee,-72.97
2025-12-30,Home Depot,-193.85
2026-03-08,Target Store,-134.16
2026-03-12,Amazon Purchase,-232.35
2025-10-01,Flight Booking,-401.55
2026-05-01,Chipotle Mexican Grill,-206.67
2025-11-15,Flight Booking,-255.21
2026-02-14,Dental Cleaning,-74.11
2025-07-11,Hotel Stay,-238.26
2025-09-24,Chipotle Mexican Grill,-219.96
2026-05-28,Payroll Direct Deposit,5537.1
2025-11-22,Starbucks Coffee,-102.41
2026-05-29,Uber Ride,-187.55
2026-02-27,CVS Pharmacy,-204.88
2025-12-26,Chipotle Mexican Grill,-200.84
2025-10-31,CVS Pharmacy,-372.7
2025-08-27,Parking Fee,-155.48
2026-03-31,Spotify Premium,-154.17
2025-11-22,Target Store,-110.67
2026-03-10,Gas Station,-10.4
2025-09-26,Insurance Premium,-458.82
2025-08-02,Home Depot,-233.58
2025-08-30,Flight Booking,-255.84
2026-01-08,Walmart Supercenter,-225.07
2026-02-18,Spotify Premium,-344.31
2025-07-21,Starbucks Coffee,-136.43
2025-12-13,Dental Cleaning,-484.75
2026-05-14,Rent Payment,-2414.19
2026-03-17,Insurance Premium,-144.83
2025-08-29,Netflix Subscription,-262.75
2026-01-15,Gas Station,-349.52
2025-09-19,Whole Foods Market,-421.72
2026-01-15,Gas Station,-427.37
2025-09-06,Internet Service,-160.31
2026-05-20,Home Depot,-228.96
2025-12-25,Home Depot,-456.23
2025-07-22,Shell Gas Station,-246.14
2026-02-21,Doctor Visit Copay,-17.6
2026-01-12,Doctor Visit Copay,-312.14
2025-07-10,Software Subscription,-457.87
2026-03-29,Target Store,-438.9
2026-01-05,Internet Service,-292.4
2025-08-03,Grocery Store,-68.38
2025-10-12,Shell Gas Station,-322.1
2025-09-08,Dental Cleaning,-170.42
2025-11-19,Target Store,-492.74
2025-11-16,Electric Bill,-90.91
2025-12-11,Gas Station,-329.94
2025-12-19,Spotify Premium,-293.89
2026-01-13,Electric Bill,-426.36
2025-12-13,Payroll Direct Deposit,4286.1
2025-12-22,Flight Booking,-484.39
2025-12-09,Restaurant Dinner,-421.28
2026-01-13,Insurance Premium,-113.29
2025-10-04,Payroll Direct Deposit,3483.49
2025-12-07,Rent Payment,-2552.09
2026-02-19,Parking Fee,-276.53
2026-03-02,CVS Pharmacy,-37.1
2025-08-08,Electric Bill,-109.35
2025-10-22,Grocery Store,-479.18
2025-10-06,Flight Booking,-209.74
2025-09-16,Starbucks Coffee,-158.39
2025-07-02,Uber Ride,-234.93
2025-08-06,Grocery Store,-338.39
2026-01-21,Apple iTunes,-253.9
2025-08-25,Starbucks Coffee,-31.28
2026-05-23,Walmart Supercenter,-254.34
2025-09-02,Internet Service,-443.97
2025-07-07,Shell Gas Station,-100.06
2025-10-25,Dental Cleaning,-52.68
2025-11-14,Apple iTunes,-88.66
2026-04-25,Whole Foods Market,-365.47
2026-03-14,Gym Membership,-42.62
2025-12-06,Shell Gas Station,-151.45
2025-10-18,Flight Booking,-18.24
2026-01-31,Target Store,-103.96
2026-02-25,Target Store,-422.64
2025-09-03,Parking Fee,-9.53
2026-01-02,Apple iTunes,-243.87
2026-04-13,Payroll Direct Deposit,6963.12
2025-12-23,Target Store,-430.62
2026-02-24,CVS Pharmacy,-430.21
2025-11-12,Grocery Store,-122.52
2026-03-30,Shell Gas Station,-86.89
2026-02-04,Internet Service,-428.28
2025-10-04,Hotel Stay,-41.97
2026-04-17,Software Subscription,-220.87
2026-03-21,Grocery Store,-182.85
2026-01-01,Dental Cleaning,-218.25
2025-12-27,Spotify Premium,-86.51
2025-07-12,Home Depot,-361.38
2025-12-27,Target Store,-279.75
2025-09-24,Payroll Direct Deposit,4662.55
2026-04-16,Dental Cleaning,-431.98
2026-02-01,Starbucks Coffee,-266.62
2026-05-08,Restaurant Dinner,-16.15
2026-01-07,Internet Service,-440.99
2025-09-27,Hotel Stay,-238.32
2026-03-10,Amazon Purchase,-154.39
2026-02-27,Dental Cleaning,-246.35
2026-05-10,Software Subscription,-240.04
2026-04-17,Hotel Stay,-382.31
2026-01-30,Whole Foods Market,-67.15
2026-03-04,Walmart Supercenter,-139.15
2025-09-23,Apple iTunes,-291.67
2025-07-23,CVS Pharmacy,-324.32
2025-08-01,Starbucks Coffee,-335.38
2026-02-17,Restaurant Dinner,-327.92
2026-03-05,Hotel Stay,-429.36
2026-02-13,Software Subscription,-121.24
2026-02-07,Chipotle Mexican Grill,-242.31
2025-12-12,Amazon Purchase,-265.75
2025-09-02,Netflix Subscription,-181.95
2026-02-12,Doctor Visit Copay,-114.55
2025-10-02,Electric Bill,-17.58
2025-11-21,Gym Membership,-284.74
2026-05-20,Netflix Subscription,-461.51
2025-09-10,Spotify Premium,-115.31
2025-11-10,Insurance Premium,-47.26
2026-05-25,Electric Bill,-330.15
2025-09-14,Hotel Stay,-298.21
2025-10-03,Software Subscription,-34.95
2025-12-22,Doctor Visit Copay,-63.26
2026-05-12,Whole Foods Market,-368.3
2025-08-03,Insurance Premium,-426.35
2025-08-06,Rent Payment,-2357.07
2026-04-08,Payroll Direct Deposit,7599.45
2025-12-03,Hotel Stay,-62.59
2026-01-31,CVS Pharmacy,-389.73
2025-12-27,Apple iTunes,-426.79
2025-12-27,Walmart Supercenter,-182.18
2025-09-29,Gym Membership,-481.88
2026-02-16,Hotel Stay,-263.1
2025-07-20,Parking Fee,-404.57
2025-08-05,Payroll Direct Deposit,4671.35
2026-01-19,Hotel Stay,-404.97
2026-05-18,Target Store,-217.29
2026-03-19,Rent Payment,-2564.29
2025-08-06,Apple iTunes,-48.01
2026-03-27,Doctor Visit Copay,-181.17
2025-07-23,Target Store,-459.61
2026-01-11,Uber Ride,-431.79
2025-12-10,Insurance Premium,-139.6
2025-09-05,Apple iTunes,-269.03
2025-11-02,Doctor Visit Copay,-458.75
2026-05-26,Walmart Supercenter,-172.08
2026-02-28,Software Subscription,-334.14
2026-05-09,Home Depot,-396.08
2025-07-16,Dental Cleaning,-349.11
2026-03-07,Chipotle Mexican Grill,-85.98
2026-05-31,Payroll Direct Deposit,5233.44
2026-03-14,Insurance Premium,-105.5
2025-07-06,Hotel Stay,-71.27
2026-05-21,Dental Cleaning,-108.85
2026-01-21,Flight Booking,-290.02
2025-09-03,Payroll Direct Deposit,7572.12
2026-05-06,Dental Cleaning,-214.9
2026-02-04,Internet Service,-309.7
2026-04-10,Apple iTunes,-27.67
2025-11-16,Gym Membership,-78.58
2026-02-04,Internet Service,-139.67
2026-04-27,Chipotle Mexican Grill,-53.59
2026-03-24,Uber Ride,-108.22
2025-11-30,CVS Pharmacy,-239.87
2025-12-11,Chipotle Mexican Grill,-332.47
2026-02-21,Grocery Store,-20.46
2025-12-03,Hotel Stay,-388.29
2025-12-13,Software Subscription,-390.52
2025-11-26,Apple iTunes,-415.67
2025-08-16,Flight Booking,-353.11
2026-05-02,Hotel Stay,-475.83
2026-03-26,CVS Pharmacy,-287.09
2026-04-14,Walmart Supercenter,-459.15
2026-05-08,Software Subscription,-456.27
2025-08-18,CVS Pharmacy,-289.91
2026-05-23,Chipotle Mexican Grill,-38
2026-04-29,Internet Service,-234.68
2026-05-17,Insurance Premium,-320.45
2026-04-22,Gym Membership,-305.17
2025-08-16,Restaurant Dinner,-82.32
2025-10-11,Flight Booking,-371.89
2026-05-12,Uber Ride,-213.13
2025-10-27,Whole Foods Market,-484.82
2026-01-06,Amazon Purchase,-263.61
2025-08-28,Software Subscription,-6.35
2026-02-04,Insurance Premium,-240
2026-03-20,Starbucks Coffee,-395.6
2026-02-20,Apple iTunes,-415.67
2025-11-25,Apple iTunes,-109.14
2025-09-23,Netflix Subscription,-60.6
2025-10-02,Dental Cleaning,-438.2
2026-05-26,Whole Foods Market,-167.74
2025-09-28,Gym Membership,-164.04
2025-07-31,Rent Payment,-2836.06
2025-11-29,Gym Membership,-89.02
2026-05-13,Hotel Stay,-110.06
2025-10-26,Starbucks Coffee,-343.75
2025-07-14,Parking Fee,-275.64
2025-09-03,Gas Station,-250.71
2026-05-10,Gym Membership,-76.98
2026-04-21,Software Subscription,-215.48
2026-03-13,Starbucks Coffee,-384.34
2026-01-31,Dental Cleaning,-190.98
2026-01-20,Walmart Supercenter,-145.58
2026-02-09,Internet Service,-117.97
2026-01-24,Rent Payment,-2356.06
2026-02-11,Whole Foods Market,-133.07
2026-02-13,Home Depot,-246.66
2026-04-27,Whole Foods Market,-193.69
2026-03-25,Chipotle Mexican Grill,-43.4
2026-03-29,Internet Service,-230.5
2026-03-20,Rent Payment,-1445.99
2026-01-04,Spotify Premium,-414.98
2025-08-19,Whole Foods Market,-189.47
2026-03-26,Walmart Supercenter,-294.03
2025-09-19,Doctor Visit Copay,-201.44
2026-03-26,Target Store,-51.59
2026-01-09,Software Subscription,-176.8
2026-04-13,Uber Ride,-406.78
2025-11-03,Restaurant Dinner,-454.34
2025-08-15,Apple iTunes,-259.78
2025-11-05,Doctor Visit Copay,-36.57
2026-03-26,Doctor Visit Copay,-362.99
2026-02-07,Whole Foods Market,-21.78
2025-11-30,Payroll Direct Deposit,4290.81
2026-04-13,Netflix Subscription,-195.74
2025-10-23,Target Store,-73.64
2025-10-03,Home Depot,-78.99
2026-04-11,Chipotle Mexican Grill,-16.09
2025-12-08,Walmart Supercenter,-391.65
2026-04-07,Internet Service,-336.01
2026-04-15,Target Store,-490.49
2025-07-26,Flight Booking,-245.54
2026-01-20,Payroll Direct Deposit,6291
2025-07-27,Gas Station,-112.26
2025-08-14,Gym Membership,-435.24
2026-03-15,Restaurant Dinner,-60.38
2025-08-27,Target Store,-383.34
2026-04-13,Spotify Premium,-399.05
2026-05-10,Software Subscription,-106
2025-10-27,Internet Service,-499.72
2026-04-25,CVS Pharmacy,-490.36
2025-07-22,Apple iTunes,-101.69
2025-12-06,Shell Gas Station,-371.36
2026-04-18,Restaurant Dinner,-37.43
2026-03-31,Parking Fee,-352.35
2026-03-01,Home Depot,-428.08
2025-07-22,Internet Service,-240.81
2026-05-30,Dental Cleaning,-61.93
2025-12-22,Payroll Direct Deposit,7443.15
2025-08-16,Internet Service,-385.4
2026-02-07,Whole Foods Market,-286.08
2026-02-19,Restaurant Dinner,-340.38
2025-08-08,Restaurant Dinner,-369.34
2025-07-26,Walmart Supercenter,-189.34
2025-09-26,Netflix Subscription,-372.94
2025-09-03,Gym Membership,-211.8
2025-10-29,Grocery Store,-253.51
2026-05-13,Doctor Visit Copay,-435.08
2026-05-12,Apple iTunes,-117.08
2025-07-26,Parking Fee,-333.36
2025-12-28,Rent Payment,-2448.43
2025-12-23,Restaurant Dinner,-219.57
2026-02-19,Software Subscription,-266.94
2026-03-13,Dental Cleaning,-268.37
2025-11-27,Internet Service,-126.68
2026-05-08,Whole Foods Market,-35.54
2025-11-18,Parking Fee,-499.46
2026-02-15,Gym Membership,-31.25
2026-03-13,Starbucks Coffee,-475.36
2025-09-27,Uber Ride,-490.05
2025-10-16,Doctor Visit Copay,-475.47
2026-05-18,Spotify Premium,-279.78
2025-10-29,Hotel Stay,-285.1
2025-12-27,Walmart Supercenter,-110.63
2026-04-25,Uber Ride,-275.84
2026-02-12,Home Depot,-18.95
2026-01-19,Shell Gas Station,-470.73
2025-08-30,Gas Station,-52.79
2026-05-18,Dental Cleaning,-441.28
2025-09-17,Gym Membership,-495.79
2025-11-28,Shell Gas Station,-193.07
2026-04-15,Whole Foods Market,-380.47
2026-03-22,Chipotle Mexican Grill,-95.13
2026-02-16,Gas Station,-432.4
2025-10-08,Amazon Purchase,-192.48
2026-05-08,Insurance Premium,-238.29
2025-09-09,Software Subscription,-423.35
2025-11-15,Grocery Store,-296.36
2026-04-21,Insurance Premium,-359.14
2025-10-26,Insurance Premium,-276
2026-02-10,Electric Bill,-373.19
2026-04-28,Shell Gas Station,-397.05
2025-07-31,Target Store,-453.23
2026-02-22,Insurance Premium,-170.61
2026-03-02,Home Depot,-8.52
2025-07-30,Whole Foods Market,-162.39
2026-01-28,Flight Booking,-100.75
2025-10-24,Shell Gas Station,-164.54
2025-07-03,CVS Pharmacy,-344.26
2026-05-29,Electric Bill,-291.26
2025-12-14,Gas Station,-463.08
2026-01-18,Amazon Purchase,-105.78
2026-03-09,Rent Payment,-2915.01
2025-09-04,Flight Booking,-281.53
2026-04-18,Shell Gas Station,-254.5
2026-01-05,Grocery Store,-294.26
2025-09-17,Netflix Subscription,-376.14
2025-08-19,Starbucks Coffee,-460.75
2026-02-21,Payroll Direct Deposit,3328.22
2026-03-14,Electric Bill,-332.44
2026-05-21,Uber Ride,-50.98
2025-07-09,Internet Service,-162.98
2025-10-25,Insurance Premium,-65.85
2026-03-26,Uber Ride,-59.94
2025-10-01,Uber Ride,-429.64
2025-12-03,Internet Service,-95.52
2026-05-09,Flight Booking,-350.88
2026-03-30,Payroll Direct Deposit,5143.64
2025-08-01,Uber Ride,-434.92
2025-09-07,Doctor Visit Copay,-235.68
2026-03-05,Hotel Stay,-290.39
2025-12-05,Chipotle Mexican Grill,-450.88
2025-07-15,Internet Service,-367.45
2025-11-26,Walmart Supercenter,-28.57
2026-03-26,Spotify Premium,-310.94
2025-08-23,Gas Station,-178.41
2026-02-17,Insurance Premium,-21.18
2025-11-08,Gas Station,-195.6
2025-07-24,Internet Service,-330.56
2026-02-25,Restaurant Dinner,-368.87
2026-01-12,Shell Gas Station,-272.55
2025-11-03,Chipotle Mexican Grill,-84.94
2026-05-11,Apple iTunes,-199.52
2025-09-17,Restaurant Dinner,-100.98
2025-08-26,Grocery Store,-177.6
2026-01-31,Starbucks Coffee,-267.49
2026-02-17,Amazon Purchase,-239.65
2025-09-25,Uber Ride,-33.88
2026-05-02,Dental Cleaning,-20.44
2026-03-21,Apple iTunes,-23.82
2025-11-21,Spotify Premium,-483.73
2026-03-08,Chipotle Mexican Grill,-422.09
2026-05-27,Parking Fee,-61.85
2026-03-23,Home Depot,-37.62
2025-10-29,Target Store,-187.18
2025-09-11,Starbucks Coffee,-188.63
2026-02-19,CVS Pharmacy,-387.23
2025-10-26,Payroll Direct Deposit,6015.97
2026-04-05,Amazon Purchase,-316.7
2025-12-07,Doctor Visit Copay,-428.23
2025-11-24,Grocery Store,-71.43
2025-10-06,Internet Service,-384.25
2025-12-06,Uber Ride,-475.82
2025-12-23,Insurance Premium,-325.04
2025-10-06,CVS Pharmacy,-320.64
2026-03-29,Flight Booking,-305.27
2026-04-10,Rent Payment,-1428.64
2025-09-20,Hotel Stay,-347.2
2026-01-26,Netflix Subscription,-6.78
2025-09-09,Insurance Premium,-130.18
2025-12-09,Grocery Store,-401.8
2026-02-20,Parking Fee,-476.76
2026-04-14,Netflix Subscription,-50.79
2026-04-29,Internet Service,-14.91
2026-04-21,Uber Ride,-493.56
2025-07-12,Hotel Stay,-237.14
2025-11-28,Gas Station,-367.66
2026-01-05,Gym Membership,-155.15
2026-05-28,Amazon Purchase,-325.34
2025-08-08,Apple iTunes,-411.73
2025-12-14,Shell Gas Station,-439.05
2025-10-11,Chipotle Mexican Grill,-31.27
2025-07-22,Walmart Supercenter,-204.83
2025-11-28,Software Subscription,-243.48
2026-02-28,Uber Ride,-383.16
2025-07-09,Chipotle Mexican Grill,-8.95
2025-08-19,Home Depot,-324.17
2026-05-27,Rent Payment,-2569.76
2026-02-12,Dental Cleaning,-494.54
2025-07-22,Chipotle Mexican Grill,-402.6
2025-12-22,Uber Ride,-349.52
2026-05-04,Electric Bill,-350.44
2026-03-10,Uber Ride,-205.44
2026-02-20,Software Subscription,-497.01
2025-10-03,Internet Service,-131.68
2026-03-05,Home Depot,-489.55
2025-11-03,Netflix Subscription,-332.99
2025-07-30,Hotel Stay,-190.59
2026-04-21,Internet Service,-238.44
2025-11-09,Insurance Premium,-360.82
2026-05-25,Target Store,-236.23
2026-01-09,Chipotle Mexican Grill,-302.1
2026-04-22,Walmart Supercenter,-333.67
2025-12-17,Uber Ride,-452.07
2026-02-19,Target Store,-33.67
2026-01-20,Parking Fee,-272.64
2025-10-28,Amazon Purchase,-222.71
2025-11-19,Internet Service,-386.06
2026-01-07,CVS Pharmacy,-475.85
2026-03-09,Walmart Supercenter,-221.63
2025-11-13,Internet Service,-211.21
2026-04-12,Insurance Premium,-306.03
2026-05-03,Internet Service,-377.84
2026-02-26,Target Store,-159.44
2026-05-08,CVS Pharmacy,-12.95
2026-04-14,Uber Ride,-28.03
2026-05-19,Gas Station,-479
2026-02-05,Amazon Purchase,-351.47
2025-12-20,Electric Bill,-135.81
2025-07-11,Apple iTunes,-63.84
2025-08-27,Walmart Supercenter,-259.77
2025-11-07,Netflix Subscription,-449.49
2025-11-04,Flight Booking,-27.98
2026-01-06,Spotify Premium,-207.63
2026-04-05,Restaurant Dinner,-471.24
2026-03-07,Rent Payment,-2512.67
2026-02-15,Spotify Premium,-7.54
2025-10-23,Uber Ride,-242.68
2025-10-09,Walmart Supercenter,-248.81
2026-01-05,Payroll Direct Deposit,4025.95
2025-09-17,Target Store,-150.89
2026-04-17,Home Depot,-136.31
2026-05-23,Hotel Stay,-292.35
2025-12-12,Amazon Purchase,-345.82
2025-10-17,Electric Bill,-460.28
2025-11-20,Insurance Premium,-273.39
2025-12-19,Doctor Visit Copay,-180.52
2025-09-24,Rent Payment,-2296.47
2026-05-13,CVS Pharmacy,-351.97
2026-02-16,Chipotle Mexican Grill,-318.43
2025-07-04,Gas Station,-87.45
2026-01-15,Parking Fee,-325.45
2026-04-06,Payroll Direct Deposit,5722.01
2025-12-15,Doctor Visit Copay,-454.07
2026-04-26,Whole Foods Market,-372.27
2026-02-24,Restaurant Dinner,-465.38
2026-03-06,Spotify Premium,-100.61
2025-12-21,Netflix Subscription,-13.79
2026-05-31,Internet Service,-174.29
2026-02-23,Gas Station,-141.13
2025-09-29,Gym Membership,-227.16
2026-05-16,Grocery Store,-129.04
2026-05-16,Electric Bill,-398.66
2025-07-30,Payroll Direct Deposit,7307.52
2025-07-15,CVS Pharmacy,-468.86
2026-02-24,Restaurant Dinner,-230.64
2025-10-01,Payroll Direct Deposit,4397.86
2025-09-11,Amazon Purchase,-50.22
2025-12-06,Parking Fee,-101.81
2026-03-12,Electric Bill,-391.86
2026-02-16,Spotify Premium,-368.85
2025-09-14,Flight Booking,-404.89
2025-11-10,Chipotle Mexican Grill,-391.88
2026-03-15,Chipotle Mexican Grill,-200.4
2025-08-30,Target Store,-261.32
2026-03-02,Payroll Direct Deposit,7931.51
2026-04-28,Chipotle Mexican Grill,-234.53
2026-01-20,Spotify Premium,-17.4
2026-04-24,Shell Gas Station,-127.13
2025-11-14,Amazon Purchase,-215.75
2025-09-27,Apple iTunes,-350.24
2026-01-02,Insurance Premium,-146.58
2025-11-27,Restaurant Dinner,-137.87
2025-11-10,Starbucks Coffee,-176.53
2025-12-17,CVS Pharmacy,-40.83
2026-03-09,Grocery Store,-265.04
2026-02-07,Target Store,-223.34
2025-09-24,Shell Gas Station,-149.36
2025-08-31,Electric Bill,-301.47
2026-01-30,Parking Fee,-488.24
2025-11-11,Flight Booking,-483.43
2025-09-05,Netflix Subscription,-127.99
2025-10-26,Starbucks Coffee,-390.37
2026-05-20,Shell Gas Station,-483.11
2025-11-09,Software Subscription,-171.06
2025-08-02,Internet Service,-72.69
2025-07-23,Gym Membership,-434.81
2025-09-10,Payroll Direct Deposit,4270.83
2025-10-07,Walmart Supercenter,-310.09
2026-04-07,Rent Payment,-2361.59
2026-04-22,Spotify Premium,-26.52
2025-08-03,Home Depot,-283
2026-01-20,Doctor Visit Copay,-266.61
2025-12-12,Home Depot,-119.13
2026-02-23,Internet Service,-41.97
2025-10-01,Home Depot,-172.5
2025-11-10,Gym Membership,-150.15
2026-04-05,Shell Gas Station,-457.02
2026-05-27,Amazon Purchase,-316.21
2025-08-04,Electric Bill,-385.11
2025-12-05,Software Subscription,-145.9
2026-02-27,Gas Station,-108.06
2026-03-14,Whole Foods Market,-358.5
2026-05-29,Gym Membership,-187.59
2026-01-29,Doctor Visit Copay,-376.74
2026-05-22,Electric Bill,-205.7
2025-09-27,Internet Service,-401.83
2026-01-02,Chipotle Mexican Grill,-140.22
2026-04-24,Internet Service,-340.4
2025-12-02,Amazon Purchase,-145.75
2026-03-09,Target Store,-277.14
2025-12-11,Internet Service,-354.17
2026-05-20,Starbucks Coffee,-109.2
2025-09-28,Apple iTunes,-354.13
2025-08-31,Whole Foods Market,-244.95
2025-07-10,Parking Fee,-153.76
2025-11-27,Shell Gas Station,-148.87
2026-05-07,Insurance Premium,-440.46
2026-03-27,Software Subscription,-87.1
2025-11-18,Chipotle Mexican Grill,-234.91
2026-03-06,Home Depot,-88.36
2026-05-21,Shell Gas Station,-299.51
2025-07-07,Software Subscription,-118.94
2026-04-16,Whole Foods Market,-19.6
2026-01-29,Shell Gas Station,-414.9
2025-09-02,Internet Service,-132.32
2025-10-22,Rent Payment,-2451.49
2025-08-18,Dental Cleaning,-495.89
2026-03-02,Netflix Subscription,-118.51
2025-11-04,Rent Payment,-2366.72
2026-02-27,CVS Pharmacy,-252.89
2025-08-18,Chipotle Mexican Grill,-327.21
2025-08-02,Insurance Premium,-235.49
2025-12-08,Home Depot,-354.54
2026-03-09,Restaurant Dinner,-499.99
2025-10-04,Whole Foods Market,-74.03
2026-01-15,Flight Booking,-136.45
2025-12-06,Home Depot,-273.58
2025-08-19,Restaurant Dinner,-16.16
2026-05-19,Netflix Subscription,-358.66
2026-04-24,Grocery Store,-178.24
2026-02-16,Apple iTunes,-238.65
2026-04-04,Target Store,-409.67
2025-07-03,Home Depot,-195.52
2026-05-18,Flight Booking,-414.77
2026-01-06,Payroll Direct Deposit,7391.19
2025-10-13,Uber Ride,-364.03
2025-09-29,Netflix Subscription,-262.67
2026-05-08,Internet Service,-343.4
2025-10-24,Flight Booking,-91.73
2026-01-07,Gas Station,-304
2025-11-02,Hotel Stay,-171.94
2025-11-14,Internet Service,-269.58
2026-01-06,Payroll Direct Deposit,3006.49
2025-12-31,Insurance Premium,-43.96
2026-05-06,Doctor Visit Copay,-63.25
2025-08-30,Apple iTunes,-368.98
2026-03-26,Electric Bill,-335.4
2025-12-08,Shell Gas Station,-132.73
2025-12-05,Grocery Store,-395.62
2026-05-21,Electric Bill,-477.79
2025-12-19,Parking Fee,-204.68
2026-03-13,Amazon Purchase,-21.39
2026-02-11,Electric Bill,-45.75
2025-09-01,Uber Ride,-211.22
2025-11-16,Uber Ride,-497.74
2026-01-30,Restaurant Dinner,-210.25
2025-10-19,Rent Payment,-2950.93
2025-07-06,Parking Fee,-385.08
2025-11-30,Walmart Supercenter,-53.5
2025-08-31,Internet Service,-219.01
2025-09-12,Gas Station,-118.7
2025-07-20,Grocery Store,-96.09
2026-05-01,Insurance Premium,-156.25
2025-07-14,Home Depot,-86.01
2026-02-19,Rent Payment,-1904.91
2026-01-14,Uber Ride,-159.17
2026-05-02,Gas Station,-78.43
2025-09-25,CVS Pharmacy,-53.95
2026-01-31,Target Store,-9.84
2025-07-07,Rent Payment,-2591.8
2025-10-08,Electric Bill,-78.17
2025-07-09,CVS Pharmacy,-225.69
2025-09-14,Target Store,-489.47
2026-01-02,Software Subscription,-222.77
2025-11-04,Gas Station,-24.45
2026-01-24,Uber Ride,-459.6
2026-03-04,Apple iTunes,-361.53
2025-07-19,Software Subscription,-46.76
2026-05-15,Starbucks Coffee,-126.44
2026-04-04,Netflix Subscription,-163.41
2026-02-16,Payroll Direct Deposit,4742.44
2025-08-29,Chipotle Mexican Grill,-157.83
2026-02-17,Doctor Visit Copay,-27.37
2025-10-01,Spotify Premium,-381.95
2025-08-08,Starbucks Coffee,-332.94
2025-10-31,Internet Service,-458.97
2026-03-04,Chipotle Mexican Grill,-78.59
2025-12-17,Hotel Stay,-155.22
2025-09-12,Spotify Premium,-312.67
2026-05-12,Apple iTunes,-291.45
2025-09-14,Rent Payment,-1618.56
2025-11-25,Uber Ride,-347.75
2025-08-06,Uber Ride,-61.05
2026-01-13,Amazon Purchase,-472.19
2025-10-17,Parking Fee,-408.71
2026-04-04,Electric Bill,-455.24
2026-03-03,Uber Ride,-96.86
2026-03-02,Grocery Store,-297.59
2025-08-26,Parking Fee,-398.62
2026-01-30,Uber Ride,-242.81
2026-03-30,Doctor Visit Copay,-162.45
2025-07-05,Electric Bill,-77.7
2025-07-29,Insurance Premium,-208.13
2026-04-11,Dental Cleaning,-6.36
2026-05-16,Target Store,-444.17
2026-02-25,Chipotle Mexican Grill,-88.42
2025-11-13,Insurance Premium,-390.59
2025-07-16,Rent Payment,-2816.46
2026-03-30,Target Store,-477.29
2025-10-10,CVS Pharmacy,-300.48
2025-08-11,Software Subscription,-83.76
2025-10-03,Hotel Stay,-231.88
2026-03-27,Insurance Premium,-200.6
2025-12-27,Grocery Store,-255.21
2026-02-27,Parking Fee,-462.49
2025-08-28,Whole Foods Market,-10.87
2025-11-23,Restaurant Dinner,-355.74
2025-10-28,Parking Fee,-118.53
2025-11-22,Chipotle Mexican Grill,-158.57
2026-04-12,Target Store,-377.55
2025-07-15,Amazon Purchase,-491.17
2026-02-04,Apple iTunes,-164.99
2025-11-13,CVS Pharmacy,-463.3
2025-10-21,Hotel Stay,-330.28
2026-01-03,Target Store,-356.87
2025-11-06,Gas Station,-84.24
2025-09-10,Electric Bill,-67.92
2025-10-06,Gym Membership,-384.19
2025-10-22,Dental Cleaning,-277.06
2026-04-30,Netflix Subscription,-138.75
2025-11-10,Spotify Premium,-269.78
2025-12-28,Payroll Direct Deposit,3246.05
2025-10-27,Walmart Supercenter,-388.91
2025-10-23,Hotel Stay,-375.84
2026-03-18,Chipotle Mexican Grill,-109.38
2026-01-25,Target Store,-435
2025-10-02,Electric Bill,-271.91
2026-02-27,Software Subscription,-474.36
2026-01-17,Apple iTunes,-343.5
2026-03-08,Spotify Premium,-147.67
2025-11-28,Spotify Premium,-157.25
2025-09-25,Hotel Stay,-313.37
2026-02-09,Amazon Purchase,-47.91
2026-05-02,Chipotle Mexican Grill,-232.46
2026-05-08,Whole Foods Market,-258.32
2025-12-03,Target Store,-227.09
2025-07-05,Internet Service,-444.58
2026-01-25,Grocery Store,-384.33
2025-11-09,Chipotle Mexican Grill,-44.42
2025-08-06,Dental Cleaning,-93.71
2026-04-05,Walmart Supercenter,-473.6
2026-01-26,Payroll Direct Deposit,6845.56
2026-05-16,Electric Bill,-487.07
2026-04-13,Chipotle Mexican Grill,-363.81
2026-03-14,Amazon Purchase,-333.59
2025-09-06,Grocery Store,-217.26
2025-12-02,Starbucks Coffee,-30.17
2025-10-05,Hotel Stay,-201.08
2025-07-15,Restaurant Dinner,-372.78
2025-09-28,Spotify Premium,-78.26
2025-11-23,Software Subscription,-341.01
2025-12-20,Netflix Subscription,-40.86
2025-09-17,Target Store,-79.95
2025-08-14,Electric Bill,-189.11
2025-08-06,Uber Ride,-303.19
2026-04-02,Apple iTunes,-222.72
2026-04-27,Doctor Visit Copay,-398.16
2026-05-23,Flight Booking,-66.18
2026-04-16,Home Depot,-59.23
2025-07-04,Uber Ride,-269.87
2026-04-03,Internet Service,-390.24
2025-11-16,Insurance Premium,-323.95
2026-02-11,Netflix Subscription,-270.97
2026-04-19,Electric Bill,-23.5
2025-07-06,CVS Pharmacy,-416.7
2025-08-24,Whole Foods Market,-367.54
2026-05-31,Gas Station,-209.36
2026-05-18,Hotel Stay,-353.88
2025-08-03,Home Depot,-77.56
2026-03-14,Spotify Premium,-428.24
2025-08-03,Gym Membership,-347.86
2025-09-01,Rent Payment,-1898.68
2025-11-04,Chipotle Mexican Grill,-129.7
2025-12-12,Chipotle Mexican Grill,-177.27
2025-12-09,Dental Cleaning,-223.12
2025-07-30,Netflix Subscription,-440.39
2025-10-13,Shell Gas Station,-205.47
2025-07-26,Rent Payment,-1635.82
2026-03-24,Chipotle Mexican Grill,-475.75
2025-12-19,Home Depot,-436.21
2026-04-10,Flight Booking,-96.29
2026-02-16,Gas Station,-173.71
2025-12-09,Target Store,-240.39
2025-10-10,Gym Membership,-329.44
2026-01-01,Walmart Supercenter,-34.53
2025-12-29,Home Depot,-427.37
2026-04-23,Home Depot,-32.9
2025-08-27,Whole Foods Market,-151.32
2025-10-21,Walmart Supercenter,-440.25
2026-05-30,Dental Cleaning,-377.46
2026-03-09,Whole Foods Market,-295.87
2025-08-17,Whole Foods Market,-352.96
2025-07-20,Chipotle Mexican Grill,-496.4
2025-11-27,Walmart Supercenter,-93.58
2025-12-11,Netflix Subscription,-369.12
2025-10-07,Internet Service,-48.88
2025-09-03,Gas Station,-353.73
2025-10-20,Grocery Store,-400.66
2026-03-23,Payroll Direct Deposit,3359.53
2025-09-07,Dental Cleaning,-429.71
2025-11-14,Hotel Stay,-286.14
2026-03-03,Flight Booking,-27.07
2026-03-20,Shell Gas Station,-126.5
2025-11-12,Starbucks Coffee,-378.31
2026-02-19,Electric Bill,-257.37
2025-11-02,Dental Cleaning,-131.38
2025-08-01,Whole Foods Market,-363.95
2025-11-11,Internet Service,-276.18
2026-01-19,Target Store,-189.24
2026-03-15,Gas Station,-78.45
2026-05-17,Internet Service,-361.8
2025-10-21,Parking Fee,-286.96
2026-03-28,Shell Gas Station,-428.62
2025-08-14,Walmart Supercenter,-76.47
2026-01-29,Shell Gas Station,-76.26
2025-08-04,Doctor Visit Copay,-420.44
2025-10-19,Amazon Purchase,-139.77
2026-05-18,Grocery Store,-129.78
2025-10-24,Chipotle Mexican Grill,-344.4
2026-03-13,Netflix Subscription,-499.59
2025-12-23,Electric Bill,-376.46
2026-04-19,Hotel Stay,-390.93
2025-07-14,Insurance Premium,-277.31
2026-01-22,Chipotle Mexican Grill,-299.05
2026-04-07,Insurance Premium,-210.59
2025-08-14,Shell Gas Station,-422.83
2025-10-20,Rent Payment,-1601.49
2026-02-11,Walmart Supercenter,-179.74
2025-12-23,Software Subscription,-439.91
2025-09-28,Grocery Store,-490.2
2025-08-28,Gym Membership,-271.69
2025-11-18,Walmart Supercenter,-52.63
2025-09-26,Target Store,-362.1
2026-04-20,Chipotle Mexican Grill,-420.64
2026-04-02,Payroll Direct Deposit,6116.36
2026-02-16,Uber Ride,-117.8
2026-04-25,Internet Service,-398.18
2025-09-06,Starbucks Coffee,-475.77
2025-07-08,Gym Membership,-177.1
2025-09-17,Rent Payment,-1737.78
2025-10-23,Doctor Visit Copay,-265.32
2025-08-23,CVS Pharmacy,-110.92
2025-10-26,Home Depot,-328.03
2025-07-20,Parking Fee,-94.34
2025-08-17,Walmart Supercenter,-369.16
2026-02-21,Dental Cleaning,-293.16
2025-08-04,Internet Service,-67.76
2026-03-26,Rent Payment,-2371.37
2026-03-31,Internet Service,-300.69
2025-07-06,Dental Cleaning,-400.24
2025-08-24,Flight Booking,-468.84
2026-01-29,Uber Ride,-234.8
2026-04-15,Target Store,-272.71
2026-03-27,Insurance Premium,-402.36
2026-04-10,Restaurant Dinner,-195.83
2026-04-21,Rent Payment,-1886.69
2026-05-25,Whole Foods Market,-32.46
2025-07-31,Hotel Stay,-353.35
2026-03-24,Electric Bill,-119.03
2025-09-21,Chipotle Mexican Grill,-6.31
2026-01-28,Netflix Subscription,-252.38
2025-10-19,Starbucks Coffee,-25.43
2026-01-21,Uber Ride,-7.07
2026-05-19,Payroll Direct Deposit,5985.63
2025-08-26,Electric Bill,-175.01
2025-09-26,Shell Gas Station,-213.37
2025-07-13,Gas Station,-237.93
2025-09-23,Flight Booking,-435.7
2025-07-25,Netflix Subscription,-320.68
2026-05-20,Flight Booking,-269.84
2025-10-11,Home Depot,-365.22
2026-01-28,Rent Payment,-1656.15
2025-09-02,Walmart Supercenter,-342.48
2026-03-11,Rent Payment,-2621.64
2025-09-21,Rent Payment,-1624.28
2025-08-31,Starbucks Coffee,-49.7
2025-09-05,Payroll Direct Deposit,7211.43
2025-07-29,Chipotle Mexican Grill,-348.38
2026-03-20,Parking Fee,-212.55
2026-01-07,Starbucks Coffee,-120.31
2026-04-28,Amazon Purchase,-162.98
2025-11-14,Dental Cleaning,-431.87
2025-11-22,Rent Payment,-2112.51
2026-03-09,CVS Pharmacy,-19.34
2025-11-08,Netflix Subscription,-148.89
2025-08-13,CVS Pharmacy,-154.67
2025-12-04,Apple iTunes,-86.05
2026-02-04,Chipotle Mexican Grill,-398.02
2025-12-21,Grocery Store,-443.35
2026-05-07,Insurance Premium,-244.04
2026-01-16,Walmart Supercenter,-140.55
2026-02-05,Parking Fee,-400.06
2026-02-13,Netflix Subscription,-157.32
2026-01-20,Internet Service,-79.38
2026-04-27,Chipotle Mexican Grill,-428.41
2026-02-16,Uber Ride,-433.02
2025-10-17,Home Depot,-299.67
2025-11-18,CVS Pharmacy,-183.77
2025-09-11,Payroll Direct Deposit,7661.62
2026-05-14,Payroll Direct Deposit,3436.63
2025-08-31,Restaurant Dinner,-431.54
2026-05-22,Electric Bill,-380.18
2025-08-08,Shell Gas Station,-101.42
2026-01-23,Gym Membership,-104.37
2026-04-13,Amazon Purchase,-251.53
2025-12-18,Spotify Premium,-174.65
2026-04-16,Netflix Subscription,-418.16
2026-04-20,Gas Station,-190.51
2026-04-01,Hotel Stay,-271.83
2026-04-23,Amazon Purchase,-468.05
2025-08-12,Electric Bill,-424.31
2025-10-20,Payroll Direct Deposit,6254.49
2026-03-15,Uber Ride,-419.91
2026-03-08,Gym Membership,-493.9
2025-10-17,Starbucks Coffee,-28.42
2025-12-18,Grocery Store,-419.24
2026-02-21,Chipotle Mexican Grill,-270.47
2026-03-07,Rent Payment,-1517.85
2026-04-08,Netflix Subscription,-214.78
2025-11-26,Chipotle Mexican Grill,-139.94
2026-05-04,Chipotle Mexican Grill,-133.15
2025-08-31,Shell Gas Station,-56.02
2026-03-22,Software Subscription,-379.84
2025-12-20,Rent Payment,-1784.98
2026-04-11,Shell Gas Station,-180.32
2025-11-08,Shell Gas Station,-83.9
2025-08-28,Walmart Supercenter,-449.76
2025-12-28,Uber Ride,-499.78
2025-11-02,Chipotle Mexican Grill,-290.64
2025-10-19,Internet Service,-257.1
2026-04-27,Payroll Direct Deposit,6897.43
2026-04-28,Amazon Purchase,-406.53
2025-07-10,Shell Gas Station,-142.86
2025-10-31,Netflix Subscription,-95.44
2025-10-15,Doctor Visit Copay,-390.89
2026-04-20,Grocery Store,-69.01
2025-11-20,Software Subscription,-102.88
2026-04-12,Insurance Premium,-358.49
2026-02-26,Spotify Premium,-242.32
2026-02-06,Target Store,-299.16
2026-05-16,Gas Station,-209.3
2025-09-19,Gym Membership,-32.72
2025-10-03,Whole Foods Market,-329.92
2025-12-23,Shell Gas Station,-25.39
2026-03-23,Electric Bill,-458.72
2026-02-17,Apple iTunes,-398.7
2025-07-03,Chipotle Mexican Grill,-20.87
2025-12-15,Starbucks Coffee,-166.53
2025-08-16,Restaurant Dinner,-480.83
2026-03-09,Home Depot,-457.12
2025-09-12,Software Subscription,-18.65
2025-10-25,Target Store,-403.58
2025-12-25,Apple iTunes,-94.24
2025-12-21,Internet Service,-156.47
2025-09-24,Spotify Premium,-237.41
2025-09-15,Gas Station,-174.89
2025-07-24,Parking Fee,-459.93
2026-04-14,Software Subscription,-370.89
2025-09-01,Parking Fee,-274.3
2025-11-16,Gas Station,-329.7
2025-11-25,Amazon Purchase,-453.46
2026-02-12,Gym Membership,-66.2
2025-11-12,Insurance Premium,-216.81
2025-11-16,Doctor Visit Copay,-428.42
2026-01-09,Uber Ride,-86.23
2026-05-05,Electric Bill,-26.22
2025-10-07,Parking Fee,-389.89
2026-02-12,Dental Cleaning,-195.61
2026-05-11,Internet Service,-409.46
2025-07-06,Starbucks Coffee,-125.4
2025-09-14,Netflix Subscription,-272.09
2025-10-23,Electric Bill,-310.91
2025-12-21,Payroll Direct Deposit,3443.32
2026-01-26,Home Depot,-426.86
2025-11-30,Restaurant Dinner,-336.35
2025-07-10,Rent Payment,-2734.61
2026-02-07,Internet Service,-279.08
2025-10-13,Walmart Supercenter,-45.16
2026-03-19,Uber Ride,-65.65
2025-12-17,Restaurant Dinner,-201.35
2025-09-01,Payroll Direct Deposit,4273.53
2025-10-24,Home Depot,-129.62
2025-08-09,Spotify Premium,-275.43
2025-07-28,Grocery Store,-26.25
2025-10-05,Insurance Premium,-485.64
2025-08-13,Internet Service,-139.07
2025-11-11,CVS Pharmacy,-426.8
2025-07-27,Electric Bill,-49.12
2025-07-05,Software Subscription,-194.37
2025-07-20,Starbucks Coffee,-356.36
2026-03-11,Home Depot,-465.3
2025-09-22,Insurance Premium,-230.48
2025-11-08,Gas Station,-10.64
2025-10-16,Amazon Purchase,-201.9
2025-08-08,Amazon Purchase,-319.02
2025-07-28,Insurance Premium,-292.38
2025-12-16,Internet Service,-219.57
2025-07-17,Target Store,-292.81
2026-05-28,Software Subscription,-94.87
2025-07-05,Uber Ride,-470.66
2025-09-11,Walmart Supercenter,-208.33
2026-01-13,Shell Gas Station,-41.8
2025-12-25,Target Store,-473.72
2025-09-21,Whole Foods Market,-167.7
2025-12-15,Shell Gas Station,-68.65
2026-05-20,Shell Gas Station,-446.03
2025-12-27,Netflix Subscription,-278.12
2025-11-22,Whole Foods Market,-316.36
2026-03-21,Netflix Subscription,-307.25
2026-02-24,Target Store,-201.21
2025-12-14,Gas Station,-418.78
2026-03-20,Software Subscription,-84.41
2025-08-26,Dental Cleaning,-72.07
2026-05-23,Chipotle Mexican Grill,-322.45
2025-12-13,Starbucks Coffee,-148.59
2025-10-04,Grocery Store,-101.42
2026-02-11,Uber Ride,-82.81
2025-11-23,Amazon Purchase,-38.22
2025-08-15,Home Depot,-214.56
2025-12-25,Flight Booking,-119.27
2025-10-20,Flight Booking,-362.93
2025-08-10,Chipotle Mexican Grill,-308.55
2026-01-07,Parking Fee,-130.81
2025-11-11,Flight Booking,-408.06
2025-10-22,Home Depot,-296.86
2025-07-22,Software Subscription,-65.2
2025-07-08,Target Store,-329.83
2025-08-31,Doctor Visit Copay,-462.25
2025-07-03,Netflix Subscription,-111.85
2025-07-28,Hotel Stay,-278.86
2025-09-16,Restaurant Dinner,-459.08
2025-07-16,Chipotle Mexican Grill,-74.05
2026-05-13,Hotel Stay,-102.07
2025-10-10,Electric Bill,-267.78
2026-01-21,Parking Fee,-311.35
2026-01-27,Software Subscription,-166.16
2025-10-18,Apple iTunes,-367.54
2026-05-15,Starbucks Coffee,-218.11
2026-05-26,Internet Service,-340.93
2025-12-13,Rent Payment,-1380.97
2026-05-11,Rent Payment,-1552.42
2026-04-24,Shell Gas Station,-316.57
2025-09-11,Walmart Supercenter,-345.01
2025-12-31,Target Store,-236.22
2025-08-24,Rent Payment,-1557.01
2026-03-03,Insurance Premium,-38.04
2025-09-03,Walmart Supercenter,-255.81
2025-07-17,Whole Foods Market,-82.75
2026-04-30,CVS Pharmacy,-468.16
2025-07-06,Parking Fee,-181.11
2025-08-02,Parking Fee,-103.48
2026-03-27,Target Store,-61.35
2025-08-14,Rent Payment,-1877.97
2026-02-21,Gas Station,-236.28
2025-08-17,Amazon Purchase,-263.85
2025-09-08,Gym Membership,-216.05
2025-11-21,Internet Service,-305.12
2026-01-30,Starbucks Coffee,-111.73
2025-12-11,Restaurant Dinner,-33.07
2025-10-14,Software Subscription,-394.05
2026-04-07,Rent Payment,-2201.49
2026-03-24,Internet Service,-213.4
2025-10-10,Payroll Direct Deposit,7338.13
2026-03-08,Starbucks Coffee,-456.6
2026-05-29,Payroll Direct Deposit,4016.6
2025-08-10,Dental Cleaning,-240.87
2026-01-28,Amazon Purchase,-31.19
2025-11-07,Rent Payment,-2164.63
2025-12-05,Starbucks Coffee,-414.76
2026-02-01,Dental Cleaning,-393.78
2026-05-16,CVS Pharmacy,-352.31
2026-04-17,Restaurant Dinner,-196.36
2025-08-15,Parking Fee,-422.29
2026-04-13,Insurance Premium,-21.65
2025-08-09,Chipotle Mexican Grill,-60.16
2026-03-07,Grocery Store,-233.4
2025-08-23,Netflix Subscription,-109.1
2025-07-07,Insurance Premium,-332.53
2026-01-28,Grocery Store,-163.18
2026-02-23,Payroll Direct Deposit,6881.14
2025-11-13,Shell Gas Station,-16.69
2026-03-18,Rent Payment,-2548.33
2025-08-07,Starbucks Coffee,-442.36
2026-02-23,Software Subscription,-228.38
2026-02-25,Uber Ride,-468.21
2026-02-28,Restaurant Dinner,-259.95
2025-08-03,Flight Booking,-279.39
2026-04-23,Payroll Direct Deposit,7904.85
2026-04-09,Flight Booking,-316.26
2026-05-09,Starbucks Coffee,-146.14
2025-10-05,Electric Bill,-411.95
2025-09-29,Spotify Premium,-295.71
2026-01-18,Uber Ride,-306.36
2025-08-28,Parking Fee,-201.86
2026-03-08,Grocery Store,-164.26
2026-04-05,Parking Fee,-445.33
2025-07-04,Whole Foods Market,-299.19
2025-12-20,Rent Payment,-1880.44
2025-12-21,Parking Fee,-107.9
2025-07-01,Dental Cleaning,-255.03
2025-10-14,Home Depot,-37.09
2025-10-08,Apple iTunes,-234.35
2026-02-06,Spotify Premium,-388.55
2025-07-31,Hotel Stay,-313.37
2026-03-21,Spotify Premium,-275.55
2025-07-05,Payroll Direct Deposit,4349.62
2026-02-02,Uber Ride,-320.13
2025-07-17,Apple iTunes,-181.28
2025-12-21,Shell Gas Station,-26.87
2025-11-19,Gym Membership,-332.25
2026-03-07,Whole Foods Market,-84.69
2026-04-25,Parking Fee,-205.94
2025-12-14,Spotify Premium,-459.96
2025-11-11,Whole Foods Market,-100.9
2026-05-07,Target Store,-112.96
2026-02-21,Apple iTunes,-469.39
2026-01-06,Insurance Premium,-263.07
2025-10-10,Uber Ride,-239.28
2026-02-06,Gas Station,-447.94
2026-01-18,Electric Bill,-7.69
2025-07-23,Whole Foods Market,-22.29
2025-12-18,Home Depot,-429.9
2026-04-27,Hotel Stay,-457.88
2025-08-31,Restaurant Dinner,-385.48
2025-10-10,Insurance Premium,-42.16
2025-12-01,Apple iTunes,-101.06
2025-11-21,Gym Membership,-86.84
2026-04-30,Software Subscription,-77.05
2025-09-18,Home Depot,-478.47
2025-07-12,Payroll Direct Deposit,6785.25
2026-03-31,Grocery Store,-349.74
2026-03-04,Gas Station,-360.34
2025-09-23,Uber Ride,-272.98
2025-12-02,Starbucks Coffee,-453.76
2025-07-04,Internet Service,-420.41
2026-03-26,Chipotle Mexican Grill,-83.52
2025-07-29,Grocery Store,-278.47
2026-03-13,Uber Ride,-387.19
2026-05-09,Apple iTunes,-295.09
2025-08-18,Restaurant Dinner,-138.92
2026-01-18,Gym Membership,-24.87
2026-04-24,Insurance Premium,-293.88
2025-08-23,Apple iTunes,-15.44
2026-03-24,Software Subscription,-45.3
2025-11-01,Walmart Supercenter,-113.41
2026-05-31,Electric Bill,-20.32
2025-08-23,Target Store,-402.7
2025-09-10,Dental Cleaning,-390.02
2026-01-14,Walmart Supercenter,-309.75
2026-05-28,Shell Gas Station,-184.13
2025-11-07,Netflix Subscription,-484.6
2026-04-07,Rent Payment,-2820.37
2025-11-16,Home Depot,-382.94
2025-10-17,Insurance Premium,-149.94
2025-07-03,Flight Booking,-264.57
2026-04-28,Hotel Stay,-11.56
2025-08-22,Uber Ride,-370.09
2025-11-08,Restaurant Dinner,-437.16
2026-04-13,Spotify Premium,-235.22
2026-04-25,Electric Bill,-312.7
2026-01-18,Apple iTunes,-186.16
2025-08-04,Software Subscription,-267.43
2026-03-20,Gas Station,-493.04
2025-07-28,Internet Service,-216.21
2025-07-21,Gas Station,-366.15
2025-10-09,Walmart Supercenter,-208.17
2025-12-10,Starbucks Coffee,-344.6
2025-09-13,Grocery Store,-165.55
2026-02-04,Netflix Subscription,-184.03
2025-11-03,Target Store,-231.55
2025-11-23,Insurance Premium,-323.95
2025-09-07,Electric Bill,-82.54
2026-03-02,Amazon Purchase,-116.41
2025-08-02,Chipotle Mexican Grill,-122.43
2026-02-04,Gas Station,-242.12
2026-03-04,Uber Ride,-491.13
2025-09-25,Doctor Visit Copay,-379.55
2025-07-26,Uber Ride,-486.68
2025-12-28,Chipotle Mexican Grill,-23.11
2025-09-12,Whole Foods Market,-126.29
2026-01-11,Shell Gas Station,-65.21
2025-09-12,Internet Service,-451.6
2025-09-08,Apple iTunes,-251.62
2026-05-27,CVS Pharmacy,-318.56
2026-03-18,Grocery Store,-27.21
2026-03-08,Home Depot,-72.63
2025-10-18,Gas Station,-71.25
2026-01-23,Grocery Store,-48.5
2026-01-26,Home Depot,-475.09
2026-03-12,Apple iTunes,-315.83
2026-03-04,Doctor Visit Copay,-175.1
2026-02-19,Shell Gas Station,-28.56
2025-07-10,Netflix Subscription,-59.26
2025-07-31,Electric Bill,-292.07
2026-03-04,Gym Membership,-159.62
2025-12-01,Software Subscription,-424.99
2025-12-16,Doctor Visit Copay,-467.7
2025-09-04,Flight Booking,-376.78
2025-09-25,Parking Fee,-75.83
2026-04-24,Payroll Direct Deposit,3933.75
2025-11-18,Uber Ride,-5.86
2025-08-07,Dental Cleaning,-217.52
2026-04-16,Walmart Supercenter,-341.12
2026-02-11,Starbucks Coffee,-104.15
2025-10-19,Grocery Store,-350.82
2025-08-15,Restaurant Dinner,-303.19
2026-04-01,Parking Fee,-83.25
2026-05-09,Shell Gas Station,-339.22
2026-05-08,Software Subscription,-481.53
2026-02-17,Insurance Premium,-404.76
2025-10-31,Spotify Premium,-38.76
2025-07-22,Rent Payment,-2892.33
2026-05-27,Shell Gas Station,-252.17
2025-07-09,Target Store,-481.23
2026-01-31,Rent Payment,-1223.16
2025-09-09,Netflix Subscription,-223.26
2026-02-08,Gas Station,-474.16
2026-03-17,Apple iTunes,-146.97
2026-01-18,Dental Cleaning,-330.59
2026-03-17,Gas Station,-464.62
2026-02-26,Electric Bill,-48.39
2025-08-26,Amazon Purchase,-247.85
2026-03-23,Insurance Premium,-298.25
2025-08-10,Doctor Visit Copay,-309.81
2025-07-12,Doctor Visit Copay,-195.06
2026-01-17,Restaurant Dinner,-231.24
2026-01-28,Starbucks Coffee,-36.66
2025-08-20,Dental Cleaning,-333.22
2025-09-03,Whole Foods Market,-440.43
2026-01-08,Uber Ride,-76.13
2026-01-08,Gas Station,-379.76
2026-01-22,Netflix Subscription,-71.98
2026-03-19,Grocery Store,-262.13
2026-01-15,Parking Fee,-343.51
2025-10-17,Netflix Subscription,-405.14
2025-09-26,Chipotle Mexican Grill,-394.6
2025-11-04,Dental Cleaning,-30.85
2025-11-06,Amazon Purchase,-38.28
2025-07-08,Restaurant Dinner,-142.72
2026-01-03,Starbucks Coffee,-484.65
2025-10-30,Hotel Stay,-189.91
2026-04-23,Grocery Store,-137.65
2025-09-14,Dental Cleaning,-267.1
2025-12-24,Rent Payment,-1397.97
2026-04-16,Gas Station,-475.34
2026-05-30,CVS Pharmacy,-285.71
2025-10-11,Parking Fee,-196.14
2025-12-31,Uber Ride,-147.85
2025-11-30,Payroll Direct Deposit,6020.71
2025-12-31,Gas Station,-429.22
2026-04-30,Dental Cleaning,-367.97
2025-08-28,Hotel Stay,-283.87
2025-12-27,Gas Station,-302.42
2025-07-21,Apple iTunes,-413.71
2026-04-03,Rent Payment,-2145.32
2025-07-08,Shell Gas Station,-426.9
2026-01-02,Insurance Premium,-335.72
2025-07-11,Internet Service,-457.54
2026-05-08,Chipotle Mexican Grill,-407.37
2025-12-18,Whole Foods Market,-473.23
2026-02-20,Starbucks Coffee,-93.1
2026-05-27,Doctor Visit Copay,-316.48
2025-10-31,Internet Service,-365.98
2026-03-05,Shell Gas Station,-10.74
2026-05-24,Dental Cleaning,-482.86
2025-11-15,Shell Gas Station,-273.89
2026-03-03,Amazon Purchase,-436.51
2025-09-09,Gym Membership,-61.61
2025-07-19,Internet Service,-119.18
2026-02-07,Electric Bill,-277.96
2026-01-13,Rent Payment,-1877.67
2025-07-04,Rent Payment,-2087.4
2026-02-24,Apple iTunes,-438.04
2025-11-01,Apple iTunes,-263.14
2026-05-22,Electric Bill,-432.76
2025-08-18,Netflix Subscription,-162.27
2025-08-14,Insurance Premium,-422.28
2025-12-13,Home Depot,-413.68
2026-02-14,Parking Fee,-341.55
2025-09-23,Software Subscription,-50.55
2026-05-02,Internet Service,-28.3
2025-07-27,Grocery Store,-487.99
2025-08-23,Rent Payment,-1599.19
2025-11-03,Whole Foods Market,-69.65
2025-07-25,Walmart Supercenter,-389.7
2026-05-29,Dental Cleaning,-398.28
2025-07-13,Internet Service,-420.92
2026-03-03,Whole Foods Market,-459.87
2025-07-05,Shell Gas Station,-400.38
2025-11-10,CVS Pharmacy,-150.48
2026-02-14,Home Depot,-309.36
2025-11-12,Amazon Purchase,-264.8
2026-05-02,Netflix Subscription,-235.25
2025-12-06,Gym Membership,-82.68
2025-08-20,Dental Cleaning,-146.28
2026-01-14,Flight Booking,-195.4
2026-03-06,Whole Foods Market,-422.94
2025-07-01,Rent Payment,-2676.46
2025-12-06,Electric Bill,-482.99
2026-03-27,Grocery Store,-380.11
2026-02-16,Rent Payment,-2800.05
2026-01-31,Starbucks Coffee,-132.91
2025-09-12,Hotel Stay,-405.79
2025-12-05,Amazon Purchase,-276.78
2025-12-18,Internet Service,-298.87
2025-12-02,Uber Ride,-380.42
2026-05-10,Payroll Direct Deposit,5937.51
2026-03-20,Apple iTunes,-423.32
2025-07-20,Walmart Supercenter,-30.56
2025-08-09,Shell Gas Station,-386.52
2025-08-03,Electric Bill,-481.64
2025-11-12,Target Store,-23.57
2026-05-19,Target Store,-151.07
2025-09-26,Electric Bill,-171.92
2026-05-08,Parking Fee,-478.3
2025-10-15,Walmart Supercenter,-486.51
2025-09-30,Starbucks Coffee,-100.06
2025-08-22,Gas Station,-395.32
2026-01-10,Insurance Premium,-425.26
2026-03-01,Netflix Subscription,-26.15
2026-02-08,Electric Bill,-229.98
2025-10-27,Parking Fee,-95.75
2026-04-19,Gym Membership,-483.79
2026-04-29,Electric Bill,-283.21
2026-02-03,Insurance Premium,-118.78
2025-08-09,Dental Cleaning,-261.28
2025-08-18,Starbucks Coffee,-44.38
2025-09-10,Rent Payment,-2896.13
2025-09-01,Chipotle Mexican Grill,-208.96
2026-03-14,Parking Fee,-50.34
2025-10-08,Rent Payment,-1356.44
2025-08-10,Restaurant Dinner,-428.54
2026-04-27,Insurance Premium,-311.97
2025-12-09,Insurance Premium,-144.59
2026-02-27,Internet Service,-267.72
2026-02-16,Payroll Direct Deposit,6999.48
2025-08-08,Hotel Stay,-63.68
2025-09-21,Shell Gas Station,-215.66
2025-11-13,Hotel Stay,-21.57
2025-12-05,Flight Booking,-23.78
2026-05-24,Hotel Stay,-379.4
2025-11-14,Flight Booking,-359.02
2026-05-30,Rent Payment,-2697.32
2026-03-12,Hotel Stay,-182.34
2026-02-19,Amazon Purchase,-308.24
2025-07-30,Grocery Store,-431.57
2025-11-28,Shell Gas Station,-49.32
2025-09-13,Grocery Store,-383.89
2025-10-12,Internet Service,-469.23
2025-08-22,Gas Station,-486.6
2025-10-30,Netflix Subscription,-324.39
2025-12-26,Restaurant Dinner,-362.6
2025-08-22,Target Store,-275.74
2025-12-26,Grocery Store,-393.07
2025-07-05,Insurance Premium,-60.5
2025-09-21,Hotel Stay,-96.98
2025-12-22,Spotify Premium,-140.92
2026-05-01,Shell Gas Station,-60.56
2026-01-27,Target Store,-445.27
2025-10-28,Hotel Stay,-57.04
2026-05-18,Electric Bill,-24.43
2025-11-20,Internet Service,-133.9
2025-12-11,Hotel Stay,-277.39
2025-07-15,Gym Membership,-69.05
2025-07-17,Hotel Stay,-378.58
2026-03-06,Dental Cleaning,-363.26
2026-04-28,Flight Booking,-98.52
2025-07-05,Shell Gas Station,-7.4
2025-11-24,Whole Foods Market,-490.11
2025-07-12,Software Subscription,-76.35
2025-10-18,Payroll Direct Deposit,3174.7
2025-11-25,Grocery Store,-398.23
2025-10-08,Starbucks Coffee,-32.43
2026-03-29,Netflix Subscription,-178.18
2025-11-15,Chipotle Mexican Grill,-276.08
2026-04-16,Spotify Premium,-168.99
2026-02-03,Chipotle Mexican Grill,-97.84
2025-08-28,Doctor Visit Copay,-462.03
2026-04-29,CVS Pharmacy,-284.74
2026-02-22,Hotel Stay,-366.1
2025-08-19,Rent Payment,-2945.95
2025-07-13,Walmart Supercenter,-256.72
2025-08-21,Dental Cleaning,-371.36
2026-04-27,Hotel Stay,-365.35
2025-11-06,Grocery Store,-255.93
2025-07-29,Dental Cleaning,-436.64
2026-05-28,Rent Payment,-2492.45
2025-07-06,Parking Fee,-61.98
2025-07-13,Walmart Supercenter,-58.35
2026-03-29,Home Depot,-108.63
2026-01-14,Grocery Store,-56.37
2026-02-17,Dental Cleaning,-152.59
2026-01-21,Electric Bill,-241.54
2026-02-07,Chipotle Mexican Grill,-153.09
2025-09-27,Grocery Store,-8.1
2025-12-22,Flight Booking,-442.52
2026-05-01,Netflix Subscription,-48.19
2025-12-21,Home Depot,-421.14
2026-03-20,Whole Foods Market,-179.93
2026-02-18,Starbucks Coffee,-47.31
2026-04-15,Shell Gas Station,-26.36
2025-07-06,Starbucks Coffee,-389.75
2025-10-10,CVS Pharmacy,-389.55
2025-12-08,Shell Gas Station,-71.5
2026-02-27,Spotify Premium,-488.15
2026-04-27,Parking Fee,-249.17
2026-03-07,Rent Payment,-1322.2
2025-11-07,Flight Booking,-83.61
2025-10-12,Apple iTunes,-57.23
2025-12-08,Gas Station,-11.18
2026-05-18,Chipotle Mexican Grill,-168.22
2025-08-28,Payroll Direct Deposit,7212.81
2025-10-19,Home Depot,-157.54
2026-01-01,Insurance Premium,-154.98
2026-04-11,Doctor Visit Copay,-146.08
2025-09-08,Flight Booking,-387.76
2025-12-27,Flight Booking,-159.92
2025-12-09,Amazon Purchase,-44.48
2025-08-24,Shell Gas Station,-229.66
2026-01-14,Grocery Store,-61.82
2026-05-20,Internet Service,-33.61
2025-08-05,Gas Station,-257.64
2026-01-15,Dental Cleaning,-84.64
2025-10-05,Doctor Visit Copay,-165.03
2025-09-23,Walmart Supercenter,-41.18
2026-05-19,Gas Station,-53.69
2025-11-26,Software Subscription,-355.45
2025-07-27,Dental Cleaning,-265.2
2026-01-07,Uber Ride,-177.96
2026-04-11,Flight Booking,-484.71
2025-07-14,Doctor Visit Copay,-67.62
2025-11-16,Whole Foods Market,-26.4
2025-12-06,Chipotle Mexican Grill,-142.62
2025-09-08,Home Depot,-175.99
2026-03-19,Netflix Subscription,-58.97
2025-12-13,Grocery Store,-57.42
2026-03-05,Netflix Subscription,-133.03
2026-03-30,Netflix Subscription,-183.75
2026-03-11,Uber Ride,-127.1
2026-03-04,Starbucks Coffee,-315.33
2026-04-24,Rent Payment,-2411.64
2025-10-10,Home Depot,-471.22
2026-01-03,Dental Cleaning,-311.6
2025-12-01,Shell Gas Station,-446.21
2025-07-15,Internet Service,-21.33
2026-02-15,Shell Gas Station,-401.08
2025-07-21,Rent Payment,-2644.22
2025-08-18,Chipotle Mexican Grill,-437.16
2025-11-29,Electric Bill,-85.14
2026-01-11,Uber Ride,-308.9
2026-02-19,Hotel Stay,-401.83
2026-04-09,Chipotle Mexican Grill,-470.25
2026-05-13,Spotify Premium,-362.4
2026-05-28,Software Subscription,-45.11
2026-04-28,Grocery Store,-101.2
2025-10-27,Internet Service,-230.93
2025-11-29,Flight Booking,-17.64
2026-03-11,Flight Booking,-103.69
2025-10-23,Parking Fee,-470.42
2026-01-10,Shell Gas Station,-485.7
2026-01-24,Gym Membership,-99.4
2025-10-31,Uber Ride,-436.34
2026-02-13,Starbucks Coffee,-373.84
2025-07-29,Gym Membership,-139.73
2025-12-18,Amazon Purchase,-64.65
2026-01-29,Gas Station,-47.59
2026-01-01,Uber Ride,-164.09
2025-10-15,Hotel Stay,-186.63
2025-10-27,Gym Membership,-450.49
2025-07-01,Spotify Premium,-310.99
2026-03-29,Restaurant Dinner,-464.57
2026-04-30,Payroll Direct Deposit,5408.83
2025-10-20,Dental Cleaning,-310.54
2025-12-27,Hotel Stay,-295.27
2026-05-07,Chipotle Mexican Grill,-177.85
2026-02-18,Insurance Premium,-77.58
2025-11-10,Netflix Subscription,-311.06
2025-11-26,CVS Pharmacy,-269.21
2026-05-06,Starbucks Coffee,-329.14
2026-01-20,Target Store,-490.01
2025-09-03,Amazon Purchase,-20.43
2026-05-04,Gym Membership,-66.19
2025-08-28,Whole Foods Market,-290.44
2025-08-02,Spotify Premium,-203.43
2025-10-27,Spotify Premium,-470.31
2025-11-08,Internet Service,-180.87
2026-04-14,Hotel Stay,-49.21
2025-09-06,Restaurant Dinner,-394.55
2025-10-30,Uber Ride,-127.51
2026-03-16,Netflix Subscription,-156.67
2026-05-08,Parking Fee,-415.47
2025-09-08,Insurance Premium,-429.44
2026-01-10,Starbucks Coffee,-15.8
2025-09-04,Insurance Premium,-40.06
2026-05-23,Insurance Premium,-242.54
2026-04-23,Internet Service,-187.43
2025-07-19,Amazon Purchase,-287.49
2026-03-06,Starbucks Coffee,-461.28
2025-11-26,Walmart Supercenter,-485.79
2026-03-24,Flight Booking,-247.88
2025-07-29,Insurance Premium,-366.68
2025-08-22,Software Subscription,-243.38
2025-11-08,Whole Foods Market,-463.52
2026-01-12,Whole Foods Market,-267.49
2026-01-19,Parking Fee,-142.47
2025-08-19,Dental Cleaning,-198.25
2026-04-25,Internet Service,-267.62
2025-12-01,Payroll Direct Deposit,4232.4
2026-05-22,Chipotle Mexican Grill,-119.84
2026-04-13,Gas Station,-137.04
2025-08-23,Home Depot,-239.34
2026-04-19,Uber Ride,-105.22
2026-04-14,Walmart Supercenter,-401.58
2025-10-03,Doctor Visit Copay,-275.44
2025-11-21,Target Store,-176.73
2025-10-10,Gym Membership,-334.16
2025-11-11,Restaurant Dinner,-319.59
2025-07-24,Amazon Purchase,-188.43
2025-12-21,Shell Gas Station,-88.5
2025-12-06,Payroll Direct Deposit,3922.98
2025-08-08,Gym Membership,-130.33
2026-02-04,Starbucks Coffee,-403.97
2025-09-24,Starbucks Coffee,-314.41
2026-03-15,CVS Pharmacy,-346.93
2026-01-01,Apple iTunes,-43.46
2025-08-01,CVS Pharmacy,-218.64
2026-02-10,Hotel Stay,-349.48
2026-01-01,Software Subscription,-379.82
2025-07-02,Target Store,-125.17
2025-08-03,Spotify Premium,-57.98
2025-10-14,Amazon Purchase,-11.54
2025-08-03,Uber Ride,-219.09
2025-08-30,Grocery Store,-404.74
2025-11-26,CVS Pharmacy,-141.27
2026-04-04,Parking Fee,-253.15
2025-12-13,Whole Foods Market,-55.19
2025-08-27,Starbucks Coffee,-247.62
2026-05-10,Gas Station,-207.42
2025-11-04,Insurance Premium,-421.38
2025-08-18,Netflix Subscription,-402.88
2026-01-31,Gym Membership,-415.24
2025-09-26,Gym Membership,-286.08
2025-11-08,Parking Fee,-249.45
2025-07-07,Software Subscription,-413.36
2026-02-15,Grocery Store,-21.77
2025-12-17,Parking Fee,-460.33
2026-01-28,Chipotle Mexican Grill,-285.48
2025-12-14,Payroll Direct Deposit,7641.14
2025-12-15,Internet Service,-436.1
2026-05-18,Rent Payment,-1477.28
2025-12-16,Restaurant Dinner,-456.47
2026-01-30,Payroll Direct Deposit,4179.22
2025-12-06,Gas Station,-237.61
2026-04-08,Software Subscription,-117.3
2025-07-26,Restaurant Dinner,-167.97
2025-08-27,Amazon Purchase,-252.75
2025-08-28,Dental Cleaning,-359.61
2026-04-18,Amazon Purchase,-325.62
2025-11-16,Netflix Subscription,-386.74
2026-04-30,Starbucks Coffee,-152.77
2025-09-27,Parking Fee,-313.39
2025-10-16,Software Subscription,-35.56
2025-09-23,Starbucks Coffee,-99.12
2025-10-12,Software Subscription,-226.59
2025-08-11,Apple iTunes,-24.51
2026-05-16,Home Depot,-486.06
2025-10-18,Home Depot,-171.45
2025-07-06,Doctor Visit Copay,-337.95
2026-03-28,Restaurant Dinner,-324.76
2025-12-18,Spotify Premium,-121.59
2025-09-08,Software Subscription,-367.4
2026-01-22,Restaurant Dinner,-459.92
2026-01-13,Hotel Stay,-190.37
2026-04-09,Netflix Subscription,-177.31
2026-02-21,Apple iTunes,-70.64
2026-01-10,Netflix Subscription,-304.49
2025-10-30,Grocery Store,-165.8
2025-12-23,Gym Membership,-92.52
2026-02-08,CVS Pharmacy,-490.33
2025-12-14,Payroll Direct Deposit,7341.76
2026-04-22,Hotel Stay,-461.36
2026-03-06,Starbucks Coffee,-497.49
2025-08-20,Starbucks Coffee,-25.82
2026-02-16,Rent Payment,-1595.2
2026-02-23,Netflix Subscription,-480.61
2026-02-12,Uber Ride,-85.41
2026-03-21,Gym Membership,-130.32
2025-09-02,Dental Cleaning,-358.25
2026-03-13,Dental Cleaning,-288.79
2025-07-05,Starbucks Coffee,-398.34
2025-11-22,Shell Gas Station,-352.84
2026-02-11,Insurance Premium,-77.09
2025-09-05,CVS Pharmacy,-289.38
2025-09-20,Rent Payment,-1457.72
2025-07-21,Amazon Purchase,-48.2
2025-09-12,Shell Gas Station,-164.62
2025-10-28,Starbucks Coffee,-460.53
2025-11-18,Dental Cleaning,-347.13
2025-09-06,Apple iTunes,-186.87
2025-07-08,Dental Cleaning,-250.34
2026-01-10,Electric Bill,-155.59
2025-12-27,Insurance Premium,-265.3
2025-08-15,Gas Station,-220.22
2025-07-19,Payroll Direct Deposit,4468.56
2026-01-25,Walmart Supercenter,-42.55
2025-11-04,Target Store,-105.34
2025-12-01,Apple iTunes,-348.61
2025-12-01,Apple iTunes,-222.8
2026-01-22,Flight Booking,-64.35
2026-02-13,Dental Cleaning,-21.49
2026-02-14,Chipotle Mexican Grill,-328.7
2026-04-10,Home Depot,-405.89
2025-11-27,Payroll Direct Deposit,7356.47
2026-02-17,Hotel Stay,-198.2
2026-04-20,CVS Pharmacy,-25.99
2025-08-20,Amazon Purchase,-490.8
2026-03-12,Electric Bill,-144.73
2026-03-19,Payroll Direct Deposit,4508.77
2026-01-08,Flight Booking,-44.47
2025-12-05,Target Store,-393.19
2026-03-11,Software Subscription,-202.76
2026-01-18,Whole Foods Market,-305.72
2025-12-11,Doctor Visit Copay,-221.15
2025-12-12,CVS Pharmacy,-218.2
2025-10-26,Electric Bill,-140.76
2025-10-29,Spotify Premium,-169.18
2026-05-20,Payroll Direct Deposit,3393.69
2025-11-17,Netflix Subscription,-240.55
2025-09-26,Target Store,-408.54
2025-08-28,Whole Foods Market,-317.05
2025-11-05,Uber Ride,-371.86
2026-05-25,Shell Gas Station,-71.48
2025-08-11,Gym Membership,-420.4
2025-09-19,Parking Fee,-355.49
2025-08-11,Flight Booking,-264.64
2025-08-19,Hotel Stay,-458.07
2026-02-28,Starbucks Coffee,-95.57
2025-10-03,Hotel Stay,-36.13
2025-10-31,Chipotle Mexican Grill,-43
2025-08-06,Doctor Visit Copay,-130.5
2025-07-11,Software Subscription,-387.37
2025-10-05,Hotel Stay,-40.15
2026-05-23,Gas Station,-191.87
2025-07-04,Flight Booking,-174.74
2026-04-20,Spotify Premium,-188.06
2026-03-10,Internet Service,-94.18
2026-03-29,Amazon Purchase,-451.77
2025-10-04,Insurance Premium,-257.58
2026-01-17,Amazon Purchase,-406.51
2026-02-08,Spotify Premium,-336.94
2026-03-27,Dental Cleaning,-44.66
2026-03-28,Flight Booking,-199.22
2025-11-04,Starbucks Coffee,-223.54
2025-12-01,Internet Service,-383.73
2025-07-21,Uber Ride,-199.77
2025-09-13,Whole Foods Market,-409.53
2025-11-04,Internet Service,-14.97
2025-12-14,Dental Cleaning,-215.06
2026-01-17,Gym Membership,-327.09
2026-01-18,Insurance Premium,-404.88
2025-11-16,Restaurant Dinner,-57.62
2025-11-02,Doctor Visit Copay,-378.11
2025-08-21,Rent Payment,-1793.63
2025-10-17,Doctor Visit Copay,-402.18
2025-08-30,CVS Pharmacy,-44.79
2025-08-16,Starbucks Coffee,-327.79
2026-04-21,Whole Foods Market,-465.27
2025-11-17,Spotify Premium,-257.42
2026-04-08,Hotel Stay,-479.25
2026-04-21,Whole Foods Market,-377.58
2026-03-19,Parking Fee,-87.04
2026-05-10,Shell Gas Station,-289.26
2025-08-19,Rent Payment,-2560.68
2025-11-21,Chipotle Mexican Grill,-265.97
2025-07-22,Insurance Premium,-287.25
2026-04-01,Software Subscription,-140.12
2026-05-31,Hotel Stay,-172.55
2026-04-26,Dental Cleaning,-262.04
2026-02-07,Home Depot,-79.94
2026-01-11,Restaurant Dinner,-318.09
2026-04-30,Amazon Purchase,-205.5
2026-01-19,Internet Service,-55.27
2026-02-25,Restaurant Dinner,-316.91
2026-01-26,Insurance Premium,-86.92
2026-01-02,Spotify Premium,-190.77
2025-12-26,Hotel Stay,-189.72
2026-03-18,Starbucks Coffee,-377.78
2025-12-09,Chipotle Mexican Grill,-275.57
2025-10-01,Restaurant Dinner,-135.08
2026-03-10,Payroll Direct Deposit,3342.89
2025-09-07,CVS Pharmacy,-100.59
2025-08-26,Starbucks Coffee,-60.56
2025-07-15,Payroll Direct Deposit,6290.92
2025-11-21,Doctor Visit Copay,-346.06
2025-08-30,Internet Service,-374.04
2025-07-10,Uber Ride,-23.02
2025-10-18,Spotify Premium,-347.46
2025-07-14,Home Depot,-386.78
2026-01-27,Amazon Purchase,-443.66
2026-04-23,Chipotle Mexican Grill,-46.86
2026-05-09,Amazon Purchase,-179
2026-05-04,Gas Station,-378.14
2025-10-03,Shell Gas Station,-440.49
2026-05-20,Internet Service,-412.79
2026-03-16,Grocery Store,-153.68
2025-07-04,Amazon Purchase,-44.25
2025-07-13,Whole Foods Market,-357.55
2025-08-29,Hotel Stay,-423.21
2025-11-08,Uber Ride,-309.7
2026-02-13,Software Subscription,-312.94
2026-04-11,Amazon Purchase,-256.18
2025-12-07,Walmart Supercenter,-121.9
2026-05-08,Grocery Store,-278.36
2026-03-08,Shell Gas Station,-431.32
2025-10-06,Walmart Supercenter,-322.51
2026-03-13,Parking Fee,-471.95
2025-08-05,Amazon Purchase,-364.86
2026-01-09,Spotify Premium,-150.75
2025-08-09,Dental Cleaning,-446.45
2025-11-23,Doctor Visit Copay,-168.94
2026-03-29,Walmart Supercenter,-473.27
2026-02-12,Insurance Premium,-27.78
2025-08-07,Dental Cleaning,-194.79
2025-07-03,Internet Service,-239.5
2026-03-23,Rent Payment,-2917.25
2026-03-14,Starbucks Coffee,-478.72
2026-03-05,Netflix Subscription,-225.05
2025-12-10,Apple iTunes,-181.32
2025-07-09,Shell Gas Station,-443.42
2025-10-03,Uber Ride,-429.47
2025-08-22,Payroll Direct Deposit,3331.23
2026-05-15,Shell Gas Station,-247.39
2025-10-01,Software Subscription,-489.53
2025-10-29,Gas Station,-322.8
2025-12-07,Shell Gas Station,-102.88
2026-03-11,Grocery Store,-331.39
2026-01-05,Spotify Premium,-276.36
2025-07-26,Chipotle Mexican Grill,-340.06
2025-08-20,Walmart Supercenter,-27.65
2026-05-28,Grocery Store,-242.9
2025-09-23,Starbucks Coffee,-290.05
2025-08-06,Internet Service,-410.96
2026-04-22,Internet Service,-213.46
2025-10-22,Software Subscription,-82.04
2026-02-02,Walmart Supercenter,-268.81
2025-12-15,Insurance Premium,-400.73
2025-11-24,Shell Gas Station,-349.41
2025-12-03,Parking Fee,-317.1
2025-08-20,Gas Station,-412.2
2025-07-02,Insurance Premium,-299.95
2025-10-22,Grocery Store,-145.87
2026-04-04,Shell Gas Station,-160.54
2025-09-18,Electric Bill,-435.15
2026-02-17,CVS Pharmacy,-36.33
2025-12-04,Payroll Direct Deposit,6088.75
2026-01-16,Amazon Purchase,-198.54
2026-02-17,Netflix Subscription,-119.69
2026-03-08,Starbucks Coffee,-334.16
2025-09-13,Restaurant Dinner,-312.91
2026-01-16,Target Store,-272.2
2026-04-18,Spotify Premium,-175.74
2025-09-17,Spotify Premium,-107.86
2025-07-31,Restaurant Dinner,-317.33
2025-12-23,Shell Gas Station,-143.98
2025-07-01,Electric Bill,-144.94
2025-11-08,Uber Ride,-6.2
2025-07-24,Shell Gas Station,-490.11
2026-01-08,Doctor Visit Copay,-202.02
2026-04-15,Doctor Visit Copay,-284.4
2025-10-25,Gas Station,-330.58
2026-02-11,Shell Gas Station,-291.17
2025-11-03,Whole Foods Market,-112.29
2025-12-14,Netflix Subscription,-29.46
2026-02-25,Walmart Supercenter,-29.63
2026-05-24,Starbucks Coffee,-152.95
2026-02-17,Doctor Visit Copay,-281.69
2025-08-20,Chipotle Mexican Grill,-190.48
2025-08-11,Walmart Supercenter,-113.42
2025-11-05,Amazon Purchase,-492.98
2026-02-01,Grocery Store,-432.71
2026-03-22,Uber Ride,-134.61
2025-08-01,Software Subscription,-104.35
2026-02-09,Parking Fee,-56.08
2025-10-05,Electric Bill,-147.64
2025-09-24,Grocery Store,-145.28
2026-03-18,Insurance Premium,-310.1
2025-08-31,Payroll Direct Deposit,6397.98
2025-10-10,CVS Pharmacy,-429.04
2025-11-06,Amazon Purchase,-449.39
2026-04-26,Hotel Stay,-159.9
2026-04-26,Restaurant Dinner,-354.27
2025-08-11,Chipotle Mexican Grill,-200.68
2025-08-05,Flight Booking,-226.15
2025-07-10,Target Store,-362.95
2025-11-20,Gas Station,-314.59
2025-11-12,Gym Membership,-491.79
2026-05-02,Target Store,-216.91
2026-02-19,Restaurant Dinner,-187.33
2025-08-26,Shell Gas Station,-323.46
2026-03-22,Walmart Supercenter,-67
2026-03-15,Apple iTunes,-232.28
2025-07-18,Apple iTunes,-491.96
2026-05-24,Dental Cleaning,-344.08
2025-08-03,Chipotle Mexican Grill,-402.97
2025-08-13,Home Depot,-49.89
2026-04-22,Amazon Purchase,-185.89
2026-05-12,Netflix Subscription,-19.77
2026-02-16,Insurance Premium,-358.55
2025-10-05,Electric Bill,-446.81
2026-01-24,Parking Fee,-153.68
2025-10-19,Shell Gas Station,-250.98
2025-11-11,Apple iTunes,-136.19
2025-07-09,Chipotle Mexican Grill,-406
2025-10-21,Gym Membership,-284.19
2026-03-04,Hotel Stay,-447.04
2026-04-15,Software Subscription,-255.64
2025-09-06,Spotify Premium,-69.75
2025-11-15,Software Subscription,-43.78
2025-08-28,Insurance Premium,-439.42
2026-05-22,Gym Membership,-121.47
2026-01-29,Amazon Purchase,-339.93
2025-10-29,Payroll Direct Deposit,5403.99
2026-04-24,Starbucks Coffee,-225.01
2025-10-08,Walmart Supercenter,-479.58
2025-11-15,Uber Ride,-304.2
2026-01-05,Whole Foods Market,-290.59
2025-10-12,Netflix Subscription,-283.17
2026-05-03,Home Depot,-86.61
2025-12-15,Whole Foods Market,-153.63
2025-07-03,Software Subscription,-227.38
2026-04-15,Starbucks Coffee,-188.45
2026-01-05,Flight Booking,-159.3
2025-12-07,Uber Ride,-478.48
2026-05-17,Home Depot,-98.16
2026-04-23,Target Store,-365.44
2025-10-06,Dental Cleaning,-56.4
2026-04-12,Internet Service,-415.92
2025-11-29,Gas Station,-292.58
2025-10-09,Netflix Subscription,-498.09
2026-04-11,Gym Membership,-432.68
2026-01-04,Apple iTunes,-271.94
2026-04-09,Target Store,-335.95
2025-11-05,Starbucks Coffee,-126.29
2026-03-13,Payroll Direct Deposit,4161.68
2026-05-08,Parking Fee,-191.05
2025-08-10,Home Depot,-140.43
2025-10-03,Insurance Premium,-318.84
2026-03-24,Spotify Premium,-294.36
2025-12-19,Parking Fee,-273.84
2026-03-04,Spotify Premium,-438.62
2026-04-03,Electric Bill,-311.64
2026-03-05,Walmart Supercenter,-155.75
2025-07-16,Target Store,-87.01
2026-01-27,Chipotle Mexican Grill,-453.55
2025-11-30,Starbucks Coffee,-78.61
2026-02-09,Dental Cleaning,-259.06
2026-04-23,Dental Cleaning,-451.52
2026-03-03,Restaurant Dinner,-492.99
2025-07-26,Electric Bill,-44.63
2026-03-28,Shell Gas Station,-431.57
2025-09-30,Apple iTunes,-99.17
2026-04-07,Target Store,-160.22
2025-07-05,Payroll Direct Deposit,4875.3
2026-03-07,Netflix Subscription,-364.69
2026-04-09,Grocery Store,-54.61
2026-02-16,Chipotle Mexican Grill,-321.8
2025-09-26,Gas Station,-59.71
2025-10-30,Target Store,-70.91
2026-05-03,Apple iTunes,-432.8
2026-01-01,Internet Service,-161.4
2026-02-07,Rent Payment,-2631.69
2025-07-09,Grocery Store,-336.74
2025-09-22,Dental Cleaning,-8.72
2026-04-16,Gym Membership,-266.28
2026-02-13,Hotel Stay,-251.46
2026-02-25,Parking Fee,-162.78
2025-07-26,Doctor Visit Copay,-389.26
2026-01-22,Amazon Purchase,-51.95
2025-07-25,Parking Fee,-274.62
2026-01-14,Home Depot,-466.45
2025-11-21,Target Store,-79.33
2026-05-30,Gas Station,-106.92
2026-02-20,Payroll Direct Deposit,4285.21
2025-08-03,Grocery Store,-97.25
2025-07-16,Parking Fee,-349.84
2025-12-09,CVS Pharmacy,-212.68
2025-12-07,Flight Booking,-51.29
2025-09-07,Walmart Supercenter,-420.81
2025-10-26,Gym Membership,-451.15
2026-05-12,Netflix Subscription,-157.17
2025-12-24,Walmart Supercenter,-61.91
2025-10-29,Software Subscription,-278.25
2025-10-06,Home Depot,-296.8
2025-12-28,Spotify Premium,-224.07
2025-10-23,Gas Station,-267.16
2025-07-18,Apple iTunes,-324.52
2025-09-14,Whole Foods Market,-466.59
2025-10-04,Rent Payment,-2393.32
2026-04-18,Parking Fee,-321.96
2025-09-13,Chipotle Mexican Grill,-25.15
2025-09-18,Electric Bill,-75.37
2026-02-09,Gym Membership,-443.43
2025-10-27,Flight Booking,-9.94
2026-01-31,Rent Payment,-2308.48
2026-04-04,Starbucks Coffee,-428.17
2026-01-15,CVS Pharmacy,-422.83
2026-04-01,Internet Service,-202.64
2025-11-26,Starbucks Coffee,-365.82
2025-09-08,Rent Payment,-1427.4
2026-05-02,Insurance Premium,-370.34
2025-08-04,Insurance Premium,-85.72
2025-09-29,Chipotle Mexican Grill,-195.18
2026-05-14,Target Store,-268.25
2025-09-13,Spotify Premium,-422.87
2025-12-22,Whole Foods Market,-342.53
2025-09-19,Payroll Direct Deposit,5480.33
2025-08-16,Amazon Purchase,-5.69
2025-09-11,Uber Ride,-475.25
2025-09-04,Apple iTunes,-127.18
2026-02-02,Insurance Premium,-127.02
2026-04-06,Whole Foods Market,-300.64
2026-04-04,Internet Service,-443.46
2025-12-04,Dental Cleaning,-345.7
2026-03-22,Dental Cleaning,-320.77
2026-05-19,Shell Gas Station,-33.72
2026-01-06,Dental Cleaning,-53.36
2026-03-01,Whole Foods Market,-68.01
2025-12-05,Chipotle Mexican Grill,-13.96
2026-01-04,Insurance Premium,-153.17
2026-05-30,Insurance Premium,-103.56
2025-11-29,Apple iTunes,-337.83
2026-02-28,Doctor Visit Copay,-464.4
2026-03-15,CVS Pharmacy,-322.89
2025-07-05,Amazon Purchase,-424.29
2025-10-08,Parking Fee,-136.67
2025-08-23,Chipotle Mexican Grill,-99.71
2026-01-12,Doctor Visit Copay,-307.6
2026-02-02,Home Depot,-120.63
2025-12-16,Netflix Subscription,-44.45
2026-04-11,Home Depot,-122.62
2025-08-23,Home Depot,-391.82
2025-11-29,Apple iTunes,-168.89
2025-07-09,Gym Membership,-106.85
2026-05-17,Parking Fee,-147.71
2025-07-07,Grocery Store,-375.39
2025-08-21,Electric Bill,-374.09
2025-11-07,CVS Pharmacy,-393.85
2026-01-16,Shell Gas Station,-445.96
2025-10-31,Rent Payment,-1934.44
2025-08-02,Gym Membership,-367.87
2025-09-18,Parking Fee,-157.54
2025-08-07,Chipotle Mexican Grill,-479.63
2025-10-30,Shell Gas Station,-231.75
2025-09-28,Internet Service,-263.03
2025-12-08,Walmart Supercenter,-484.49
2026-04-19,Target Store,-450.84
2025-07-30,Flight Booking,-344.38
2026-05-29,Internet Service,-246.9
2026-03-16,Netflix Subscription,-177.43
2026-05-09,Shell Gas Station,-327.01
2026-02-15,Electric Bill,-92.88
2025-10-24,Dental Cleaning,-77.27
2025-07-27,Spotify Premium,-167.74
2025-10-23,Parking Fee,-273.06
2025-07-31,Dental Cleaning,-361.61
2025-07-30,Apple iTunes,-32.14
2025-08-14,Insurance Premium,-122.77
2026-03-31,Doctor Visit Copay,-371.26
2025-12-24,Spotify Premium,-42.48
2025-12-05,Insurance Premium,-16.24
2025-11-29,Dental Cleaning,-145.44
2025-10-10,Netflix Subscription,-170.35
2025-07-10,Rent Payment,-1305.78
2026-02-04,Starbucks Coffee,-190.18
2026-04-13,Gas Station,-475.04
2026-01-25,Payroll Direct Deposit,5519.47
2025-07-06,Amazon Purchase,-70.97
2025-11-19,Gas Station,-446.77
2025-09-19,Dental Cleaning,-434.1
2026-02-14,Gym Membership,-284.64
2025-07-22,Rent Payment,-2285.89
2025-07-24,Grocery Store,-113.26
2026-04-11,Chipotle Mexican Grill,-486.16
2026-05-15,Whole Foods Market,-301.16
2026-05-19,CVS Pharmacy,-161.72
2026-01-21,Home Depot,-454.49
2026-05-19,CVS Pharmacy,-442.65
2026-04-05,Home Depot,-248.99
2025-08-27,Payroll Direct Deposit,4391.89
2025-10-09,Whole Foods Market,-191.22
2026-01-25,Electric Bill,-178.96
2025-09-13,Payroll Direct Deposit,3863.37
2026-05-07,Electric Bill,-202.51
2025-11-23,Doctor Visit Copay,-406.66
2026-03-07,Gym Membership,-346.92
2025-08-20,Hotel Stay,-229.25
2025-10-02,Flight Booking,-334.82
2025-12-24,Hotel Stay,-18.98
2026-01-14,Software Subscription,-238.21
2026-01-16,Gas Station,-292.34
2025-12-22,Internet Service,-222.44
2026-02-20,Apple iTunes,-25.92
2026-01-07,Electric Bill,-155.01
2026-02-08,Payroll Direct Deposit,3098.37
2026-01-21,Dental Cleaning,-280.09
2026-03-28,Internet Service,-441.73
2026-04-21,Rent Payment,-1681.19
2025-08-20,Apple iTunes,-324.19
2025-11-20,Chipotle Mexican Grill,-465.46
2026-05-28,Walmart Supercenter,-150.87
2026-01-16,Restaurant Dinner,-80.98
2025-08-24,Gym Membership,-416.17
2026-04-06,Rent Payment,-2616.6
2026-03-03,Restaurant Dinner,-449.25
2025-11-13,Parking Fee,-225.33
2026-04-08,Parking Fee,-91.47
2026-05-07,Shell Gas Station,-59.71
2025-08-30,Uber Ride,-306.83
2025-11-15,Restaurant Dinner,-294.15
2025-12-06,Electric Bill,-336.52
2026-05-18,Shell Gas Station,-464.66
2025-11-09,Payroll Direct Deposit,5384.63
2025-07-10,Software Subscription,-91.68
2025-08-18,Insurance Premium,-304.73
2026-05-06,Flight Booking,-432.51
2025-12-15,Insurance Premium,-459.05
2025-09-11,Chipotle Mexican Grill,-245.36
2026-05-26,Restaurant Dinner,-302.15
2025-07-09,Restaurant Dinner,-218.25
2025-09-01,Restaurant Dinner,-97.11
2025-08-09,Apple iTunes,-235.13
2025-12-01,Target Store,-463.27
2026-02-10,Restaurant Dinner,-360.1
2026-03-18,Restaurant Dinner,-209.26
2025-10-17,Starbucks Coffee,-349.22
2025-12-25,Whole Foods Market,-112.9
2025-07-17,Gym Membership,-233.52
2025-09-21,Starbucks Coffee,-270.37
2026-04-22,Insurance Premium,-480.73
2026-01-26,Software Subscription,-402.47
2026-03-28,Gas Station,-274.78
2026-03-30,Payroll Direct Deposit,4291.67
2025-12-13,Electric Bill,-179.39
2025-08-26,Apple iTunes,-378.76
2026-03-21,Dental Cleaning,-441.5
2025-12-25,Whole Foods Market,-382.58
2025-08-21,Electric Bill,-174.78
2025-08-17,Target Store,-412.24
2025-10-24,Shell Gas Station,-486.47
2025-07-05,Payroll Direct Deposit,3673.36
2026-05-15,Electric Bill,-94.02
2026-01-04,Walmart Supercenter,-162.09
2025-09-17,CVS Pharmacy,-377.15
2026-04-19,Starbucks Coffee,-318.81
2026-02-02,Electric Bill,-323.49
2026-05-12,Doctor Visit Copay,-233.74
2026-02-22,Software Subscription,-376.61
2026-02-25,Whole Foods Market,-147.74
2025-08-10,Netflix Subscription,-167.93
2026-05-03,Electric Bill,-219.95
2026-05-25,Insurance Premium,-304.32
2025-12-08,Gym Membership,-63.72
2026-03-16,Insurance Premium,-489.83
2026-03-31,Spotify Premium,-126.2
2026-05-26,Netflix Subscription,-84.26
2026-04-05,Netflix Subscription,-348.96
2025-11-23,Hotel Stay,-361.48
2026-03-07,Walmart Supercenter,-231.34
2026-03-20,Rent Payment,-2617.7
2026-02-28,Uber Ride,-8.11
2025-12-31,Uber Ride,-148.91
2026-04-16,Netflix Subscription,-169.76
2026-05-31,Uber Ride,-41.54
2026-03-24,Insurance Premium,-9.1
2026-03-03,Grocery Store,-442.36
2026-04-21,CVS Pharmacy,-486.28
2025-07-09,Dental Cleaning,-322.36
2025-09-19,Software Subscription,-357.2
2025-09-14,Flight Booking,-122.54
2025-12-17,Home Depot,-56.63
2026-04-13,Electric Bill,-128.58
2026-04-14,Target Store,-413.53
2025-08-08,Flight Booking,-91.54
2025-12-02,Spotify Premium,-409.7
2026-04-21,Grocery Store,-205.58
2026-01-06,Electric Bill,-15.13
2026-01-25,Parking Fee,-115.3
2026-05-17,Whole Foods Market,-391.89
2025-07-11,Internet Service,-38.33
2025-09-20,Restaurant Dinner,-316.26
2025-10-08,CVS Pharmacy,-281.39
2026-05-07,Whole Foods Market,-37.99
2025-11-04,Flight Booking,-465.81
2026-05-18,Rent Payment,-2719.32
2025-10-15,Electric Bill,-371.6
2025-09-28,Doctor Visit Copay,-136.14
2025-09-18,Uber Ride,-235.08
2026-03-21,Walmart Supercenter,-55.46
2026-03-15,Netflix Subscription,-420.1
2025-08-25,Gym Membership,-59.38
2026-02-22,Spotify Premium,-475.69
2025-07-29,Restaurant Dinner,-498.63
2025-08-28,Insurance Premium,-297.54
2025-09-10,Uber Ride,-42.16
2026-01-06,Uber Ride,-292.73
2026-05-15,Home Depot,-152.77
2025-10-21,Home Depot,-146.44
2025-10-18,Parking Fee,-239.14
2025-11-03,Starbucks Coffee,-380.76
2026-02-06,Doctor Visit Copay,-332.25
2026-04-20,Parking Fee,-348.28
2026-02-24,Netflix Subscription,-150.99
2026-02-08,Grocery Store,-477.16
2025-11-13,Walmart Supercenter,-20.11
2026-04-23,Restaurant Dinner,-445.04
2025-07-07,Gym Membership,-161.22
2025-08-20,Doctor Visit Copay,-198.2
2025-10-08,Flight Booking,-316.11
2025-11-09,Starbucks Coffee,-390.08
2026-01-01,Payroll Direct Deposit,4286.95
2026-05-15,Home Depot,-366.81
2026-01-03,Whole Foods Market,-39.39
2025-11-06,Software Subscription,-14.76
2026-04-20,Chipotle Mexican Grill,-474.64
2026-04-24,Spotify Premium,-342.14
2025-08-25,Restaurant Dinner,-468.6
2026-01-26,Payroll Direct Deposit,4498.14
2026-01-05,Software Subscription,-310.86
2025-08-15,CVS Pharmacy,-485.67
2026-03-01,Electric Bill,-181.15
2025-12-10,Dental Cleaning,-385.96
2026-02-08,CVS Pharmacy,-435.52
2026-01-13,Netflix Subscription,-402.69
2025-08-18,Walmart Supercenter,-338.19
2026-01-20,Payroll Direct Deposit,6528.87
2026-01-13,Gas Station,-221.49
2025-12-19,Uber Ride,-460.39
2026-04-07,Chipotle Mexican Grill,-63.33
2025-09-30,Parking Fee,-382.75
2025-12-09,Chipotle Mexican Grill,-129.76
2025-11-03,Starbucks Coffee,-220.94
2026-01-11,Chipotle Mexican Grill,-203.89
2026-05-28,Hotel Stay,-284.02
2026-03-23,Parking Fee,-376.14
2026-04-01,Doctor Visit Copay,-483.2
2026-03-22,Amazon Purchase,-71.85
2026-05-19,Payroll Direct Deposit,7350.55
2026-02-21,Home Depot,-489.86
2025-09-23,Electric Bill,-384.63
2026-05-03,Chipotle Mexican Grill,-17.68
2026-03-08,Dental Cleaning,-217.25
2025-09-25,Doctor Visit Copay,-45.07
2026-02-06,Amazon Purchase,-32.62
2026-05-24,Walmart Supercenter,-258.42
2026-02-09,CVS Pharmacy,-333.72
2026-02-12,Whole Foods Market,-273.36
2026-03-02,Shell Gas Station,-268.39
2026-02-22,Dental Cleaning,-452.64
2025-10-04,Home Depot,-367.75
2026-04-08,Insurance Premium,-214.15
2026-02-20,Restaurant Dinner,-21.34
2025-12-25,Insurance Premium,-162.78
2025-12-03,Starbucks Coffee,-363.79
2025-11-07,Spotify Premium,-171.1
2026-03-08,CVS Pharmacy,-494.32
2026-04-11,Electric Bill,-411.95
2025-11-16,Home Depot,-148.2
2026-03-09,Amazon Purchase,-436.51
2025-09-15,Restaurant Dinner,-285.97
2025-09-19,Home Depot,-472.55
2025-11-18,Rent Payment,-2332.61
2026-01-07,Electric Bill,-15.44
2025-12-20,CVS Pharmacy,-462.33
2025-07-04,Doctor Visit Copay,-387.3
2026-04-07,Insurance Premium,-127.21
2025-11-01,Netflix Subscription,-16.77
2026-02-28,Rent Payment,-1525.22
2025-10-22,Uber Ride,-445.78
2025-10-13,Starbucks Coffee,-490.79
2026-05-21,Insurance Premium,-120.24
2025-08-07,Whole Foods Market,-99.28
2026-01-05,Apple iTunes,-183.35
2025-08-20,Spotify Premium,-190.74
2025-09-12,Apple iTunes,-174.42
2025-12-30,Internet Service,-69.43
2025-12-12,Dental Cleaning,-171.45
2025-08-29,Netflix Subscription,-316.86
2026-03-10,Chipotle Mexican Grill,-236.96
2025-07-10,Target Store,-22.37
2026-01-13,Home Depot,-438.25
2025-12-13,Insurance Premium,-233.49
2025-08-06,Gas Station,-113.38
2026-04-29,Dental Cleaning,-359.95
2026-02-25,Hotel Stay,-494.5
2026-05-15,Electric Bill,-323.04
2025-09-28,Spotify Premium,-221.74
2026-05-30,Spotify Premium,-206.45
2026-02-11,Insurance Premium,-366.4
2025-10-22,Netflix Subscription,-465.15
2026-04-19,Starbucks Coffee,-33.62
2026-02-19,Apple iTunes,-487.54
2025-08-07,Apple iTunes,-355.92
2026-03-24,Gym Membership,-433.26
2026-01-30,Spotify Premium,-469.1
2026-02-26,Dental Cleaning,-60.4
2026-01-21,Internet Service,-71.53
2025-07-22,Chipotle Mexican Grill,-59.13
2025-09-25,Apple iTunes,-120.37
2026-04-28,Walmart Supercenter,-274.6
2026-01-03,Chipotle Mexican Grill,-395
2026-05-10,Home Depot,-390.39
2026-05-02,Payroll Direct Deposit,7937.34
2025-11-26,Starbucks Coffee,-166.52
2025-09-08,Dental Cleaning,-111.71
2025-10-07,Electric Bill,-149.46
2026-04-04,Target Store,-288.13
2025-12-31,Dental Cleaning,-199.3
2026-03-25,Gas Station,-412.24
2025-07-11,Home Depot,-305.41
2026-03-05,Chipotle Mexican Grill,-374.32
2025-11-23,Chipotle Mexican Grill,-52.73
2026-03-28,Restaurant Dinner,-351.39
2025-08-25,Internet Service,-216.42
2026-05-18,Hotel Stay,-139.98
2026-01-07,Whole Foods Market,-71.55
2026-01-11,Amazon Purchase,-367.7
2025-12-01,Gym Membership,-143.53
2026-03-20,Payroll Direct Deposit,3702.49
2026-03-16,Doctor Visit Copay,-248.38
2025-09-27,Target Store,-155.96
2026-05-26,Internet Service,-301.2
2025-10-13,Parking Fee,-440.75
2026-05-15,Gym Membership,-372.46
2026-03-03,Doctor Visit Copay,-459.61
2025-07-06,Gym Membership,-437.32
2025-11-07,Gas Station,-216.52
2025-07-23,Grocery Store,-166.95
2025-11-20,CVS Pharmacy,-447.06
2026-05-17,Doctor Visit Copay,-290.57
2025-10-19,Netflix Subscription,-239.54
2025-07-01,Chipotle Mexican Grill,-266.75
2025-11-02,Flight Booking,-243.36
2026-04-29,Starbucks Coffee,-483.88
2025-08-18,Apple iTunes,-59.08
2025-07-12,Electric Bill,-456.86
2025-11-16,Doctor Visit Copay,-48.67
2026-05-07,Flight Booking,-282.94
2026-02-06,Chipotle Mexican Grill,-366.86
2026-02-26,Doctor Visit Copay,-426.69
2026-01-27,Gas Station,-64.79
2025-07-09,Hotel Stay,-261.95
2025-11-16,Doctor Visit Copay,-269.61
2026-05-23,Home Depot,-388.15
2025-09-07,Insurance Premium,-111.57
2025-10-16,Hotel Stay,-441.94
2026-01-04,Starbucks Coffee,-7.26
2025-12-17,Payroll Direct Deposit,4540.57
2026-01-04,Doctor Visit Copay,-200.57
2026-05-12,Hotel Stay,-38.66
2026-05-19,Whole Foods Market,-477.38
2026-01-18,Netflix Subscription,-406.1
2025-10-28,Restaurant Dinner,-82.94
2026-03-08,Restaurant Dinner,-387.06
2026-02-02,Gas Station,-97.77
2026-03-16,Target Store,-319.95
2025-08-23,Gas Station,-159.63
2025-07-08,Walmart Supercenter,-13.34
2025-09-17,Electric Bill,-312.62
2026-03-29,Grocery Store,-362.03
2026-04-11,Dental Cleaning,-118.06
2026-05-06,Spotify Premium,-203.05
2026-01-16,Apple iTunes,-247.84
2025-08-01,Starbucks Coffee,-451.41
2026-01-26,Payroll Direct Deposit,5727.23
2026-02-03,Chipotle Mexican Grill,-469.02
2026-05-07,Spotify Premium,-274.84
2025-10-12,Target Store,-185.9
2025-10-29,Netflix Subscription,-171.89
2026-04-26,Apple iTunes,-304.77
2026-01-25,Internet Service,-235.72
2025-07-19,Chipotle Mexican Grill,-175.03
2025-10-02,Flight Booking,-468.59
2025-12-11,Starbucks Coffee,-465.69
2026-05-02,Parking Fee,-486.9
2025-08-25,Gas Station,-120.96
2025-12-21,Shell Gas Station,-445.01
2026-02-23,Gym Membership,-447.07
2026-04-16,Parking Fee,-435.73
2026-05-01,Parking Fee,-203.4
2026-04-07,Flight Booking,-192.41
2025-09-01,Electric Bill,-170.38
2026-02-03,Apple iTunes,-139.84
2026-03-07,Whole Foods Market,-289.89
2026-04-29,Rent Payment,-1693.33
2025-07-05,Gym Membership,-24.3
2026-05-23,Home Depot,-493.18
2026-02-01,Rent Payment,-2010.66
2026-04-26,Whole Foods Market,-492.9
2025-07-16,Amazon Purchase,-185.86
2026-01-29,Payroll Direct Deposit,5845.09
2026-01-10,CVS Pharmacy,-86.63
2026-03-29,Amazon Purchase,-321.61
2025-09-29,Gas Station,-436.37
2026-01-11,Rent Payment,-2368.99
2025-08-23,Doctor Visit Copay,-97.66
2026-03-31,Chipotle Mexican Grill,-338.38
2025-12-10,Software Subscription,-313.89
2026-01-03,Grocery Store,-293
2025-08-03,Internet Service,-469.28
2025-08-11,Apple iTunes,-390.71
2025-12-09,Flight Booking,-223.49
2025-11-09,Shell Gas Station,-150.58
2026-01-13,CVS Pharmacy,-65.41
2025-11-25,Walmart Supercenter,-289.82
2025-10-30,Payroll Direct Deposit,4682.23
2025-08-21,Walmart Supercenter,-40.89
2025-11-02,Payroll Direct Deposit,4253.72
2026-03-08,Software Subscription,-89.04
2026-02-13,Starbucks Coffee,-302.86
2025-08-07,Shell Gas Station,-152.25
2026-05-29,Chipotle Mexican Grill,-268.88
2025-09-15,Apple iTunes,-363.94
2025-12-10,Home Depot,-253.24
2026-05-30,Flight Booking,-420.54
2025-08-15,Rent Payment,-1993.46
2025-12-09,Internet Service,-471.07
2026-01-16,Shell Gas Station,-196.6
2025-12-01,Payroll Direct Deposit,7367.1
2026-05-21,Electric Bill,-476.57
2026-04-02,Hotel Stay,-62.46
2026-04-07,Shell Gas Station,-210.5
2026-02-05,Uber Ride,-61.74
2026-04-19,Doctor Visit Copay,-296.93
2025-09-29,Gas Station,-29.15
2025-08-30,Starbucks Coffee,-41.47
2026-05-03,Restaurant Dinner,-420.21
2026-04-17,Electric Bill,-379.01
2025-08-05,Chipotle Mexican Grill,-441.99
2025-11-11,Amazon Purchase,-458.84
2026-05-30,Dental Cleaning,-31.52
2026-03-02,Uber Ride,-170.85
2025-09-06,Payroll Direct Deposit,7146.06
2026-05-13,Home Depot,-368.03
2025-07-19,Electric Bill,-81.64
2026-02-18,Uber Ride,-376.94
2025-09-19,Gas Station,-103.26
2026-01-06,CVS Pharmacy,-81.92
2026-01-04,Netflix Subscription,-36.77
2025-11-20,Payroll Direct Deposit,6508.57
2026-03-03,Grocery Store,-82.04
2025-10-15,Starbucks Coffee,-441.63
2025-12-27,Software Subscription,-175.34
2026-04-22,Uber Ride,-337.2
2025-10-07,Insurance Premium,-181.14
2025-12-23,Target Store,-115.31
2025-09-21,Apple iTunes,-138.43
2025-12-30,Walmart Supercenter,-208.2
2026-05-16,Netflix Subscription,-373.93
2025-11-16,Whole Foods Market,-428.79
2025-08-01,Payroll Direct Deposit,6887.29
2025-12-15,Internet Service,-203.73
2025-11-08,Internet Service,-212.78
2025-08-09,Home Depot,-144.17
2026-03-24,Hotel Stay,-160.69
2026-03-30,Amazon Purchase,-237.7
2026-05-01,Rent Payment,-2877.58
2026-05-23,Dental Cleaning,-285.22
2025-08-30,Flight Booking,-132.85
2026-01-14,Dental Cleaning,-284.85
2025-12-28,Spotify Premium,-36.78
2025-07-25,Dental Cleaning,-415.08
2026-03-13,Chipotle Mexican Grill,-6.63
2025-10-01,Netflix Subscription,-469.2
2025-10-05,Electric Bill,-86.38
2025-10-28,Gym Membership,-436.56
2025-07-14,Chipotle Mexican Grill,-100.09
2026-02-16,Gas Station,-196.25
2025-12-31,Flight Booking,-270.18
2026-01-06,Starbucks Coffee,-32.01
2026-05-25,Target Store,-383.52
2025-12-06,Electric Bill,-331.14
2026-05-27,Payroll Direct Deposit,4927.84
2026-03-28,Flight Booking,-53.38
2025-10-26,Chipotle Mexican Grill,-342.71
2026-03-14,Rent Payment,-2047.16
2026-02-18,Starbucks Coffee,-425.94
2026-01-02,Gas Station,-54.37
2026-03-01,Spotify Premium,-469.49
2025-07-02,Home Depot,-388.06
2025-10-23,Home Depot,-493.13
2025-11-25,Gas Station,-404.42
2026-03-18,Parking Fee,-284.61
2025-07-24,Apple iTunes,-96.9
2025-07-12,Software Subscription,-417.95
2025-10-16,Software Subscription,-421.27
2025-07-21,Doctor Visit Copay,-127.84
2025-08-06,Internet Service,-487.52
2025-07-30,Target Store,-252.75
2026-01-21,CVS Pharmacy,-46.7
2025-07-11,Hotel Stay,-232.11
2026-02-10,Amazon Purchase,-383.7
2026-01-03,Restaurant Dinner,-124.67
2025-08-28,Rent Payment,-2902.84
2025-07-19,Grocery Store,-58.94
2025-08-18,Walmart Supercenter,-492.25
2025-10-03,Insurance Premium,-110.5
2026-01-31,Restaurant Dinner,-216.84
2025-10-01,Gas Station,-32.78
2026-02-04,Parking Fee,-255.69
2025-12-29,Home Depot,-432.14
2025-09-21,Chipotle Mexican Grill,-324.44
2026-04-28,Starbucks Coffee,-182.68
2025-08-02,Walmart Supercenter,-127.21
2026-03-19,Chipotle Mexican Grill,-18.22
2025-07-24,Amazon Purchase,-126.15
2026-05-24,Payroll Direct Deposit,3055.23
2025-09-30,Walmart Supercenter,-467.05
2026-04-05,Insurance Premium,-167.64
2026-03-24,Software Subscription,-146.11
2025-08-06,Target Store,-184.98
2025-12-10,Netflix Subscription,-486.38
2025-07-03,Whole Foods Market,-28.54
2026-04-25,Software Subscription,-284.34
2026-01-10,Parking Fee,-390.23
2025-12-25,Dental Cleaning,-231.14
2026-04-17,Target Store,-435.29
2026-01-01,Home Depot,-327.71
2025-10-03,Amazon Purchase,-492.32
2025-10-09,Gas Station,-44.02
2025-07-28,Apple iTunes,-182.41
2025-11-26,Parking Fee,-225.44
2025-12-25,Whole Foods Market,-296.92
2026-05-11,Dental Cleaning,-289.36
2026-03-02,Software Subscription,-142.92
2026-04-26,Parking Fee,-193.47
2025-08-19,Shell Gas Station,-48.83
2026-04-11,Amazon Purchase,-146.46
2026-01-15,Amazon Purchase,-248.74
2026-05-01,Spotify Premium,-166.85
2026-01-19,Dental Cleaning,-123.02
2025-12-17,Electric Bill,-136.38
2025-12-15,Insurance Premium,-287.11
2026-05-26,Uber Ride,-346.17
2026-04-23,Target Store,-432.61
2026-02-09,Hotel Stay,-317.98
2025-12-14,Hotel Stay,-91.66
2026-01-29,Electric Bill,-380.51
2025-12-23,Shell Gas Station,-204.28
2025-08-10,Payroll Direct Deposit,6632.3
2026-02-18,Restaurant Dinner,-453.05
2025-08-01,CVS Pharmacy,-203.49
2026-05-05,Hotel Stay,-349.5
2026-03-31,Electric Bill,-477.82
2025-07-08,Insurance Premium,-58.89
2026-02-06,Grocery Store,-251.32
2025-10-02,Gym Membership,-493.58
2026-05-14,Chipotle Mexican Grill,-282.32
2026-01-19,Software Subscription,-241.93
2026-03-24,Netflix Subscription,-392.69
2026-02-13,Chipotle Mexican Grill,-387.29
2025-09-20,Payroll Direct Deposit,7912.19
2025-12-23,Parking Fee,-303.2
2025-09-06,Netflix Subscription,-349.94
2026-03-10,Restaurant Dinner,-379.56
2025-12-08,Target Store,-462.98
2026-03-10,Chipotle Mexican Grill,-187.54
2026-02-23,Grocery Store,-341.64
2025-07-04,Flight Booking,-279
2025-07-25,Grocery Store,-312.19
2026-01-28,Doctor Visit Copay,-167.43
2025-07-03,Grocery Store,-486.59
2025-11-30,Electric Bill,-43.14
2025-10-22,Software Subscription,-281.74
2026-04-17,Insurance Premium,-304.43
2026-05-31,Software Subscription,-65.44
2025-10-01,Amazon Purchase,-304.44
2026-05-19,Amazon Purchase,-244.98
2025-09-04,Chipotle Mexican Grill,-488.76
2026-03-11,Hotel Stay,-231.92
2025-12-16,Software Subscription,-341.34
2025-07-06,Chipotle Mexican Grill,-438.85
2026-05-30,CVS Pharmacy,-82.33
2026-04-04,Hotel Stay,-498.87
2025-10-11,Shell Gas Station,-440.36
2026-04-12,Electric Bill,-328.75
2026-04-07,Gas Station,-371.42
2025-07-01,Payroll Direct Deposit,7514.78
2025-08-29,Walmart Supercenter,-391.59
2025-07-28,Payroll Direct Deposit,3348.15
2026-03-06,Gas Station,-153.56
2025-11-15,Gas Station,-368.17
2026-02-20,Electric Bill,-348.21
2026-04-10,Flight Booking,-168.76
2025-08-07,Whole Foods Market,-172.37
2025-09-29,Parking Fee,-479.89
2026-02-03,Gym Membership,-165.51
2026-02-02,Software Subscription,-67.61
2026-02-18,Chipotle Mexican Grill,-402.36
2025-11-23,CVS Pharmacy,-43.78
2025-09-09,Amazon Purchase,-190
2026-05-18,Grocery Store,-32.82
2026-01-20,Dental Cleaning,-54.94
2025-10-22,Rent Payment,-2776.91
2026-03-08,Apple iTunes,-5.51
2026-05-31,CVS Pharmacy,-70.04
2026-01-01,Walmart Supercenter,-368.14
2026-05-19,Spotify Premium,-34.24
2025-08-15,Grocery Store,-160.6
2025-07-05,Hotel Stay,-219.08
2025-12-04,Payroll Direct Deposit,3841.26
2026-03-29,Insurance Premium,-438.5
2026-04-03,Payroll Direct Deposit,5866.98
2026-03-17,Home Depot,-165.05
2025-12-25,Starbucks Coffee,-479.13
2025-07-22,Dental Cleaning,-246.87
2025-07-09,Whole Foods Market,-365.85
2026-05-02,Spotify Premium,-31.54
2025-08-29,Software Subscription,-36.95
2025-12-09,Dental Cleaning,-129.13
2025-08-08,Rent Payment,-2845.92
2025-07-25,Rent Payment,-1614.83
2026-05-28,Uber Ride,-65.21
2026-04-04,Payroll Direct Deposit,5507.62
2025-07-26,Payroll Direct Deposit,4143.9
2025-07-18,Walmart Supercenter,-241.76
2026-01-15,Parking Fee,-420.62
2025-08-25,Payroll Direct Deposit,7750.57
2025-08-17,CVS Pharmacy,-394.73
2025-10-17,Apple iTunes,-368.31
2025-12-06,Doctor Visit Copay,-114.73
2025-12-13,Dental Cleaning,-20
2025-07-09,Flight Booking,-239.14
2026-02-07,Software Subscription,-245.51
2025-12-29,Software Subscription,-208.73
2026-05-07,Hotel Stay,-449.91
2025-07-23,Shell Gas Station,-494.42
2026-04-30,Restaurant Dinner,-364.48
2025-12-11,Whole Foods Market,-433.42
2026-03-31,Spotify Premium,-34.82
2025-11-27,Netflix Subscription,-58.14
2025-09-17,Apple iTunes,-483.89
2025-12-18,Uber Ride,-309.61
2026-04-28,Flight Booking,-293.5
2025-07-03,Hotel Stay,-20.46
2026-03-04,Home Depot,-499.89
2026-03-20,Home Depot,-284.97
2026-05-20,Insurance Premium,-131.66
2026-02-28,Apple iTunes,-324.26
2025-11-22,Software Subscription,-287.28
2025-08-31,Parking Fee,-378.8
2025-08-22,Uber Ride,-150.23
2026-03-14,Parking Fee,-166.15
2025-11-10,Chipotle Mexican Grill,-135.68
2026-05-19,Uber Ride,-216.25
2025-12-28,Chipotle Mexican Grill,-141.44
2025-08-19,Walmart Supercenter,-254.5
2025-07-27,Apple iTunes,-142.73
2026-05-16,Software Subscription,-442.42
2025-10-10,Insurance Premium,-193.26
2025-12-06,Whole Foods Market,-24.83
2025-12-01,Gym Membership,-235.99
2026-01-26,Gas Station,-426.83
2025-11-30,Walmart Supercenter,-343.68
2026-04-08,Spotify Premium,-391.11
2025-08-15,Apple iTunes,-485.97
2026-01-02,Grocery Store,-414.69
2026-03-01,Gym Membership,-313.43
2025-07-24,Hotel Stay,-237.9
2025-08-16,Whole Foods Market,-137.69
2025-11-26,Electric Bill,-448.27
2026-04-25,Gym Membership,-286
2026-01-01,Hotel Stay,-231.59
2026-03-14,Amazon Purchase,-346.11
2025-12-03,Hotel Stay,-435.39
2026-03-08,Hotel Stay,-307.34
2026-02-11,Target Store,-256.89
2025-11-09,Software Subscription,-454.44
2026-04-04,Amazon Purchase,-192.26
2025-11-30,Uber Ride,-341.39
2025-11-26,Hotel Stay,-256.65
2026-04-29,Electric Bill,-238.52
2026-04-02,Payroll Direct Deposit,7380.03
2025-07-08,Insurance Premium,-297.6
2025-09-03,Rent Payment,-2201.23
2025-07-23,Starbucks Coffee,-294.27
2025-07-31,Doctor Visit Copay,-394.21
2025-10-07,Doctor Visit Copay,-374.98